card_name,amount
Swamp,55
Plains,54
Forest,49
Mountain,40
Island,37
Duress,19
Naturalize,13
Shatter,13
Demolish,12
Mind Rot,12
Cancel,11
Snarespinner,11
Sure Strike,11
Act of Treason,10
Child of Night,10
Fire Elemental,10
Inspired Charge,10
Shock,10
Smite the Monstrous,10
Zombie Army,10
Izzet Guildgate,9
Onakke Ogre,9
Plummet,9
Ranger's Guile,9
Tomb Hex,9
Walking Corpse,9
Dimir Guildgate,8
Gruul Guildgate,8
Selesnya Guildgate,8
Bone Splinters,8
Bojuka Brigand,8
Run Away Together,8
Cavern Lampad,8
Crash Through,8
Caller of Gales,8
Dragon Fodder,8
Frenzied Arynx,8
Goblin Roughrider,8
Keldon Raider,8
Law-Rune Enforcer,8
Legion's Judgment,8
Ripscale Predator,8
Smelt,8
Totally Lost,8
Tormenting Voice,8
Elf Knight,8
Spirit,8
Soldier,8
Evolving Wilds,7
Rakdos Guildgate,7
Aether Tradewinds,7
Annul,7
Anticipate,7
Bogstomper,7
Chandra's Pyrohelix,7
Divination,7
Dragon Mantle,7
Demon's Grasp,7
Electrify,7
Flashfreeze,7
Graypelt Hunter,7
Giant Growth,7
Hostile Minotaur,7
Kor Castigator,7
Opt,7
Pilgrim's Eye,7
Pegasus Courser,7
Paralyzing Grasp,7
Queen of Ice // Rage of Winter,7
Rafter Demon,7
Skeleton Archer,7
Syncopate,7
See Beyond,7
Tectonic Rift,7
Trumpet Blast,7
Unsummon,7
Wanderer's Strike,7
Boros Guildgate,6
Golgari Guildgate,6
Gateway Plaza,6
Bone to Ash,6
Battlefield Promotion,6
Bull Rush,6
Barge In,6
Bladebrand,6
Polliwallop,6
Savor,6
Scales of Shale,6
Steampath Charger,6
Mind Drill Assailant,6
Corpseberry Cultivator,6
Concordia Pegasus,6
Crushing Canopy,6
Centaur Courser,6
Chandra's Outrage,6
Chandra's Embercat,6
Calcite Snapper,6
Disdainful Stroke,6
Disenchant,6
Defiant Strike,6
Divine Verdict,6
Deathbloom Thallid,6
Epicure of Blood,6
Evil Presence,6
Felhide Minotaur,6
Guardians of Meletis,6
Ghirapur Guide,6
Garruk's Gorehorn,6
Grasp of Darkness,6
Gravedigger,6
Goblin Piker,6
Goblin Arsonist,6
Highland Game,6
Hideous End,6
Halimar Excavator,6
Infectious Horror,6
Infuriate,6
Ironclad Krovod,6
Lava Axe,6
Lavafume Invoker,6
Luminous Bonds,6
Meteor Golem,6
Makeshift Battalion,6
Maximize Velocity,6
Pouncing Lynx,6
Pacifism,6
Permafrost Trap,6
Rime Tender,6
Sonic Assault,6
Slaughter Cry,6
Setessan Battle Priest,6
Shoreline Salvager,6
Spark Reaper,6
Skymarch Bloodletter,6
Strangling Spores,6
Sudden Storm,6
Sky Ruin Drake,6
Traveler's Amulet,6
Topple the Statue,6
Torch Slinger,6
Titanic Growth,6
Time to Feed,6
Vampire Neonate,6
Vicious Offering,6
Weakness,6
Wall of Vines,6
Yoked Ox,6
Zombie,6
Treasure,6
Knight,6
Simic Guildgate,5
Unknown Shores,5
Uncharted Haven,5
Air Elemental,5
Angel's Mercy,5
Arrester's Admonition,5
Aven of Enduring Hope,5
Blow Your House Down,5
Boggart Brute,5
Bloodthrone Vampire,5
Brave-Kin Duo,5
Boreal Elemental,5
Boulderfall,5
Borderland Minotaur,5
Spellgyre,5
Shore Up,5
Longstalk Brawl,5
Nettle Guard,5
Cindering Cutthroat,5
Crumb and Get It,5
Colossal Dreadmaw,5
Conduct Electricity,5
Chorus of the Tides,5
Dwarven Priest,5
Daggerfang Duo,5
Enclave Elite,5
Eel Umbra,5
Elder Cathar,5
Fleetfeather Sandals,5
Frostwalla,5
Felidar Cub,5
Frost Breath,5
Finch Formation,5
Feral Abomination,5
Fervent Strike,5
Fissure Vent,5
Ghostform,5
Griptide,5
Gruul Locket,5
Grisly Transformation,5
Giant Scorpion,5
Goblin War Paint,5
Ghitu Journeymage,5
Hopeful Eidolon,5
Honor the God-Pharaoh,5
Ice Cage,5
Igneous Elemental,5
Keldon Warcaller,5
Kindlespark Duo,5
Kor Line-Slinger,5
Lost in a Labyrinth,5
Lich's Caress,5
Lavastep Raider,5
Loxodon Sergeant,5
Myr Sire,5
Mesa Unicorn,5
Mighty Leap,5
Maniacal Rage,5
Macabre Waltz,5
Mindless Null,5
Navigator's Compass,5
"Nahiri, Storm of Stone",5
Outmuscle,5
Portcullis Vine,5
Portent of Betrayal,5
Pharagax Giant,5
Rubblebelt Rioters,5
Rhox Charger,5
Returned Phalanx,5
Roaming Ghostlight,5
Regress,5
Rambunctious Mutt,5
Rummaging Goblin,5
Rampaging Cyclops,5
Reduce to Ashes,5
Spin Engine,5
Senate Griffin,5
Scuttlegator,5
Savage Smash,5
Sigil Blessing,5
Stampeding Rhino,5
Slingbow Trap,5
Skyreaping,5
Savage Surge,5
Setessan Oathsworn,5
Stickytongue Sentinel,5
Satyr Rambler,5
Spellgorger Weird,5
Seismic Shift,5
Sparktongue Dragon,5
Summit Prowler,5
Soulmender,5
Siege Mastodon,5
Settle Beyond Reality,5
Safe Passage,5
Scathe Zombies,5
Stealth Mission,5
Thrill of Possibility,5
Toll of the Invasion,5
Thornhide Wolves,5
Vastwood Gorger,5
Vivien's Grizzly,5
Vizkopa Vampire,5
Vampire Opportunist,5
Valakut Invoker,5
Warcry Phoenix,5
Waterspout Warden,5
Wind Zendikon,5
Wolf,5
Interplanar Beacon,4
Terramorphic Expanse,4
Adamant Will,4
Agate Assault,4
Ahn-Crop Invader,4
Aid the Fallen,4
Ajani's Pridemate,4
Akroan Mastiff,4
Alania's Pathmaker,4
Angel of the Dawn,4
Anointed Deacon,4
Arlinn's Wolf,4
Aviation Pioneer,4
Azorius Locket,4
Boulder Salvo,4
Burn Bright,4
Bladetusk Boar,4
Bloodtallow Candle,4
Broken Wings,4
Barkform Harvester,4
Boon of Erebos,4
Bloodstone Goblin,4
Bloodfire Mentor,4
Blessing of Belzenlok,4
Banishing Light,4
Blood Lust,4
Burst Lightning,4
Bant Sureblade,4
Bartizan Bats,4
Bold Impaler,4
Blindblast,4
Blazing Volley,4
Blood Burglar,4
Bake into a Pie,4
Lifecreed Duo,4
Thistledown Players,4
Rabbit Response,4
Huskburster Swarm,4
Ravine Raider,4
Take Out the Trash,4
Chrome Steed,4
Charmed Stray,4
Courier Griffin,4
Carrot Cake,4
Cavalry Pegasus,4
Celestial Enforcer,4
Cylian Elf,4
Centaur Nurturer,4
Challenger Troll,4
Cache Grab,4
Command the Storm,4
Chainwhip Cyclops,4
Capture Sphere,4
Corridor Monitor,4
Coral Commando,4
Cloudreader Sphinx,4
Devious Cover-Up,4
Dream Twist,4
Disintegrate,4
Drain Life,4
Diresight,4
Duskmantle Operative,4
Davriel's Shadowfugue,4
Eyeless Watcher,4
Early Winter,4
Embereth Paladin,4
Ephara's Warden,4
Footlight Fiend,4
Fade into Antiquity,4
Faerie Guidemother // Gift of the Fae,4
Faerie Duelist,4
Foreboding Fruit,4
Fungal Infection,4
Forsaken Drifters,4
Frenzied Rage,4
Frontline Devastator,4
Fiery Intervention,4
Get the Point,4
Golgari Locket,4
Gallant Cavalry,4
Great Hart,4
Gustrider Exuberant,4
Giant Spider,4
Glidedive Duo,4
Gloom Sower,4
Guul Draz Mucklord,4
Goblin Trailblazer,4
Ghitu Lavarunner,4
Goblin Assault Team,4
Henge Walker,4
Head of the Homestead,4
Heartwarming Redemption,4
Healing Grace,4
Hinterland Sanctifier,4
Humbler of Mortals,4
Hired Blade,4
Homarid Explorer,4
Hada Spy Patrol,4
Iron Bully,4
Infernal Scarring,4
Ior Ruin Expedition,4
Impetuous Sunchaser,4
Inspiring Captain,4
Junkblade Bruiser,4
Jaya's Greeting,4
Joint Assault,4
Jungleborn Pioneer,4
Knight of the Tusk,4
Knight of the Keep,4
Knight of Old Benalia,4
Kor Celebrant,4
Lightshell Duo,4
Lifespring Druid,4
Llanowar Elves,4
Leonin Snarecaster,4
Loxodon Line Breaker,4
Mind Spiral,4
Murk Strider,4
Mardu Warshrieker,4
Merciless Eternal,4
March of the Returned,4
Moment of Craving,4
Nyxborn Shieldmate,4
Nightwhorl Hermit,4
Necrobite,4
Nissa's Chosen,4
New Horizons,4
Ob Nixilis's Cruelty,4
Oran-Rief Invoker,4
Ornery Goblin,4
Pressure Point,4
Pileated Provisioner,4
Primordial Wurm,4
Paralyze,4
Pharika's Cure,4
Pack Mastiff,4
Phantasmal Form,4
Quench,4
Runeclaw Bear,4
Rust-Shield Rampager,4
Retraction Helix,4
Relentless Advance,4
Repel the Darkness,4
Revoke Existence,4
Rising Populace,4
Ray of Dissolution,4
Rise to the Challenge,4
Raging Redcap,4
Roughshod Duo,4
Raging Kronch,4
Redcap Raiders,4
Short Sword,4
Seedpod Squire,4
Strider Harness,4
Satyr Hoplite,4
Stone Rain,4
Starfall,4
Scorching Dragonfire,4
Sarkhan's Catharsis,4
Swift Kick,4
Shatterskull Recruit,4
Serra Angel,4
Silverflame Ritual,4
Shielded Passage,4
Squire's Devotion,4
Sparring Mummy,4
Serra Disciple,4
Surrakar Marauder,4
Shady Traveler // Stalking Predator,4
Sorin's Thirst,4
Stronghold Confessor,4
Smitten Swordmaster // Curry Favor,4
Sidisi's Pet,4
Skulduggery,4
Sip of Hemlock,4
Silent Skimmer,4
Sky Theater Strix,4
Secrets of the Golden City,4
Stymied Hopes,4
Shimmer of Possibility,4
Spire Winder,4
Tenth District Legionnaire,4
Trusty Packbeast,4
Trusted Pegasus,4
Tandem Tactics,4
Tolarian Scholar,4
Torch Fiend,4
Turret Ogre,4
Tavern Ruffian // Tavern Smasher,4
Two-Headed Cerberus,4
Touch of the Void,4
Tar Snare,4
Terror,4
Two-Headed Zombie,4
Thirsting Shade,4
Undercity Uprising,4
Uncomfortable Chill,4
Three Tree Rootweaver,4
Viashino Pyromancer,4
Vial of Dragonfire,4
Vampire's Bite,4
Vengeful Bloodwitch,4
Viashino Racketeer,4
Vanquish the Weak,4
Vivisection,4
Wurm's Tooth,4
War Squeak,4
War Screecher,4
Wax-Wane Witness,4
Wardscale Crocodile,4
Wall of Runes,4
Whirlwind Adept,4
Wind Drake,4
Wall of Mist,4
Fish,4
Illusion,4
Goblin,4
Azorius Guildgate,3
Bloodfell Caves,3
Blossoming Sands,3
Cave of Temptation,3
Rugged Highlands,3
Scoured Barrens,3
Shimmering Grotto,3
Smoldering Spires,3
Sandstone Bridge,3
Tranquil Cove,3
Woodland Stream,3
Academy Drake,3
Aerial Assault,3
Aeromunculus,3
Ainok Bond-Kin,3
Ainok Tracker,3
Anaba Shaman,3
Ancient Crab,3
Angelic Wall,3
Anointer Priest,3
Applied Biomancy,3
Arcane Flight,3
Archers' Parapet,3
Arrester's Zeal,3
Arrow Storm,3
Artful Maneuver,3
Attended Knight,3
Asphyxiate,3
Aven Tactician,3
Aura Gnarlid,3
Avenging Arrow,3
Bitter Revelation,3
Benthic Giant,3
Burning Prophet,3
Bring Low,3
Barging Sergeant,3
Brazen Freebooter,3
Beacon Behemoth,3
Blood Ogre,3
Bonebreaker Giant,3
Bakersbane Duo,3
Buccaneer's Bravado,3
Baleful Eidolon,3
Bog Naughty,3
Blade-Tribe Berserkers,3
Blood-Toll Harpy,3
Borrowed Malevolence,3
Banehound,3
Bloodfire Expert,3
Broodhunter Wurm,3
Bonebind Orator,3
Bellowing Crier,3
Bladed Sentinel,3
Blazing Torch,3
Clay Statue,3
Copper Carapace,3
Centaur Peacemaker,3
Culling Drone,3
Carrion Screecher,3
Caligo Skin-Witch,3
Corrupted Zendikon,3
Corpse Churn,3
Cower in Fear,3
Cavalry Drillmaster,3
Chosen by Heliod,3
Call the Cavalry,3
Cliffside Lookout,3
Cabal Paladin,3
Crypt Lurker,3
Curious Pair // Treats to Share,3
Culling Mark,3
Catalyst Elemental,3
Chandra's Magmutt,3
Cobblebrute,3
Cinderheart Giant,3
Convolute,3
Cunning Geysermage,3
Crackling Triton,3
Clutch of Currents,3
Consuming Sinkhole,3
Coastline Chimera,3
Chillbringer,3
Constricting Tendrils,3
Coralhelm Guide,3
Dragon's Claw,3
Domri's Ambush,3
Dryad Militant,3
Drowsing Tyrannodon,3
Daggerback Basilisk,3
Druid of the Spade,3
Drag Under,3
Dire Downdraft,3
Dual Shot,3
Dragon Egg,3
Destructive Digger,3
Deepwater Hypnotist,3
Dutiful Servants,3
Demystify,3
D'Avenant Trapper,3
Divine Offering,3
Devout Decree,3
Dazzling Reflection,3
Debtors' Transport,3
Darkstar Augur,3
Deadly Visit,3
Dreg Reaver,3
Dark Bargain,3
Epitaph Golem,3
Efreet Weaponmaster,3
Etherium Astrolabe,3
Elvish Visionary,3
Ephara's Radiance,3
Expose to Daylight,3
Eddytrail Hawk,3
Erase,3
Elite Skirmisher,3
Fountainport Bell,3
Flutterfox,3
Feat of Resistance,3
Font of Vigor,3
Fencing Ace,3
Farbog Explorer,3
Flash Flood,3
Flood,3
Fate Foretold,3
Fear,3
Feed the Cycle,3
Fiery Hellhound,3
Firebreathing,3
Fling,3
Fall of the Hammer,3
Fierce Invocation,3
Faerie Miscreant,3
Frilled Deathspitter,3
Fearless Halberdier,3
Gossip's Talent,3
Goblin Electromancer,3
Grapeshot Catapult,3
Glint Hawk Idol,3
Gideon's Reproach,3
Griffin Dreamfinder,3
Guardian of Pilgrims,3
Gift of Paradise,3
Garenbrig Squire,3
Gnarled Sage,3
Garenbrig Paladin,3
Grisly Spectacle,3
Grasping Scoundrel,3
Gruesome Discovery,3
Grim Captain's Call,3
Ghoulraiser,3
Geyser Glider,3
Goblin Locksmith,3
Geistflame,3
Goblin Champion,3
Goblin Barrage,3
Galvanic Bombardment,3
Gravitic Punch,3
Heirloom Epic,3
Heart-Piercer Bow,3
Honor Guard,3
Hivespine Wolverine,3
Horned Turtle,3
Havoc Devils,3
Hellkite Punisher,3
Hoarder's Overflow,3
Hijack,3
Inventor's Goggles,3
Insatiable Appetite,3
Iridescent Vinelasher,3
Infestation Sage,3
Into the Roil,3
Inventor's Apprentice,3
Ill-Tempered Cyclops,3
Invading Manticore,3
Inquisitor's Ox,3
Impeccable Timing,3
Invoke the Divine,3
Jagwasp Swarm,3
Jeskai Sage,3
Knight of the Last Breath,3
Kraul Whipcracker,3
Kraken's Eye,3
Krosan Tusker,3
Keen Glidemaster,3
Kitesail Corsair,3
Krumar Bond-Kin,3
Kozilek's Shrieker,3
Kozilek's Sentinel,3
Kindled Fury,3
Keldon Overseer,3
Kill Shot,3
Lethargy Trap,3
Lightning Elemental,3
Lavakin Brawler,3
Lair Delve,3
Leaf Gilder,3
Life Goes On,3
Leeching Bite,3
Leaf Arrow,3
Leafcrown Dryad,3
Lagonna-Band Elder,3
Lonesome Unicorn // Rider in Need,3
Ledev Guardian,3
Lithomancer's Focus,3
Legion Conquistador,3
Littjara Kinseekers,3
Moonrise Cleric,3
Massive Might,3
Makindi Patrol,3
Mesa Lynx,3
Misthoof Kirin,3
Moment of Heroism,3
Mosquito Guard,3
Melt Terrain,3
Merchant of the Vale // Haggle,3
Magma Spray,3
Might of the Meek,3
Marauding Boneslasher,3
Mind Raker,3
Malakir Familiar,3
Masked Blackguard,3
Murder,3
Moodmark Painter,3
Memory Theft,3
Mark of the Vampire,3
Nyxborn Rollicker,3
Nahiri's Stoneblades,3
Narrow Escape,3
Night Terrors,3
Nocturnal Hunger,3
Null Champion,3
Ninja of the New Moon,3
Netcaster Spider,3
Nissa's Judgment,3
Nessian Courser,3
Nemesis of Mortals,3
Nylea's Presence,3
Nature's Chant,3
Night Market Lookout,3
Orzhov Locket,3
Opaline Bracers,3
One-Eyed Scarecrow,3
Opaline Unicorn,3
Ondu War Cleric,3
Observant Alseid,3
Outrider of Jhess,3
Octoprophet,3
Omenspeaker,3
Oblivion Strike,3
Orcish Vandal,3
Ordeal of Purphoros,3
Patchwork Banner,3
Powerstone Shard,3
Puncturing Light,3
Pillarfield Ox,3
Propeller Pioneer,3
Pride Guardian,3
Pulse Tracker,3
Psychic Whorl,3
Pestilent Haze,3
Prakhata Club Security,3
Playful Shove,3
Priest of Iroas,3
Pitchburn Devils,3
Pearl of Wisdom,3
Phantasmal Terrain,3
Phantom Ninja,3
Protomatter Powder,3
Queen's Commission,3
Quakefoot Cyclops,3
Queen's Agent,3
Resolute Blademaster,3
Rakdos Roustabout,3
Rhox War Monk,3
Rhonas's Stalwart,3
Rosethorn Acolyte // Seasonal Ritual,3
Rabid Bite,3
Root Snare,3
Rise from the Grave,3
Raise Dead,3
Reaper of Night // Harvest Fear,3
Rakshasa's Secret,3
Resounding Scream,3
Read the Tides,3
Rookie Mistake,3
Repeal,3
Remove Soul,3
Revitalize,3
Raptor Companion,3
Resolute Strike,3
Rustwing Falcon,3
Recruit the Worthy,3
Ransack the Lab,3
Run Amok,3
Renegade Tactics,3
Raccoon Rallier,3
Rouse the Mob,3
Rumbling Rockslide,3
Radiating Lightning,3
Signpost Scarecrow,3
Scalding Cauldron,3
Square Up,3
Starseer Mentor,3
Staunch-Hearted Warrior,3
Seek the Wilds,3
Sedge Scorpion,3
Soul's Might,3
Spined Wurm,3
Savage Punch,3
Sacred Wolf,3
Swordwise Centaur,3
Storm the Citadel,3
Sigiled Skink,3
Sun-Collared Raptor,3
Sazacap's Brew,3
Street Riot,3
Spikewheel Acrobat,3
Samut's Sprint,3
Swashbuckling,3
Sacrifice Play,3
Shining Armor,3
Stasis Snare,3
Squad Captain,3
Scholar of Athreos,3
Syndicate Messenger,3
Sonar Strike,3
Sunrise Seeker,3
Steppe Lynx,3
Silverflame Squire // On Alert,3
Sandblast,3
Spawnbinder Mage,3
Shrike Force,3
Star-Crowned Stag,3
Sanitarium Skeleton,3
Soul Stair Expedition,3
Sedraxis Alchemist,3
Skeletal Grimace,3
Spreading Rot,3
Spread the Sickness,3
Specter's Shriek,3
Servant of Tymaret,3
Starlit Soothsayer,3
Scourge Servant,3
Skittering Heartstopper,3
Stargaze,3
Sewer Shambler,3
Steelclad Spirit,3
Sweep Away,3
Skyclave Squid,3
Spellkeeper Weird,3
Steelgaze Griffin,3
String of Disappearances,3
Spire Monitor,3
Sift,3
Snapping Drake,3
Sphinx's Disciple,3
Soul of the Rapids,3
Scholar of Stars,3
Three Tree Mascot,3
Twinblade Assassins,3
Traitor's Roar,3
Tidehollow Strix,3
Traveling Philosopher,3
Tragic Poet,3
Trapped in the Tower,3
Topan Freeblade,3
Twisted Reflection,3
Triton Shorethief,3
Think Twice,3
Tide Drifter,3
Thought Shucker,3
Traitorous Instinct,3
Titan's Strength,3
Tuskeri Firewalker,3
Throttle,3
Torment of Venom,3
Transgress the Mind,3
Tormented Hero,3
Terrus Wurm,3
Thought-Stalker Warlock,3
Territorial Scythecat,3
Treeguard Duo,3
Unexplained Disappearance,3
Tel-Jilad Defiance,3
Treefolk Umbra,3
Unexplained Vision,3
Undercity's Embrace,3
Unlikely Aid,3
Unwavering Initiate,3
Trusted Forcemage,3
Trumpeting Herd,3
Treetop Sentries,3
Volcanic Upheaval,3
Vestige of Emrakul,3
Viashino Sandsprinter,3
Veteran Guardmouse,3
Viridian Betrayers,3
Vedalken Mesmerist,3
Viper's Kiss,3
Wretched Gryff,3
Weaver of Lightning,3
Welding Sparks,3
Winged Shepherd,3
Warren Elder,3
Windgrace Acolyte,3
Woolly Loxodon,3
Wildwood Tracker,3
Warriors' Lesson,3
Wildwood Geist,3
Welkin Guide,3
Wicked Guardian,3
Weight of the Underworld,3
War Report,3
Witching Well,3
Weave Fate,3
Winter's Rest,3
Waterfall Aerialist,3
Youthful Knight,3
Zhur-Taa Swine,3
Zof Shade,3
Assassin,3
Bird,3
Cat,3
Elemental,3
Rogue's Passage,2
Spring // Mind,2
Cryptic Caves,2
Desert of the Indomitable,2
Dismal Backwater,2
Fertile Thicket,2
Forsaken Sanctuary,2
Hidden Grotto,2
Jungle Hollow,2
Looming Spires,2
Lilypad Village,2
Mudflat Village,2
Orzhov Guildgate,2
Oakhollow Village,2
Rockface Village,2
Rupture Spire,2
Seafloor Debris,2
Swiftwater Cliffs,2
Skyline Cascade,2
Wind-Scarred Crag,2
Thornwood Falls,2
Abandon Reason,2
Abomination of Gudul,2
Abzan Advantage,2
Abzan Banner,2
Abzan Guide,2
Abzan Runemark,2
Acceptable Losses,2
Active Volcano,2
Aether Adept,2
Aetherborn Marauder,2
Aeronaut Admiral,2
Aesthir Glider,2
Agate-Blade Assassin,2
Agent of Horizons,2
Agonizing Demise,2
Akoum Flameseeker,2
Alchemist's Gift,2
Alpine Guide,2
Altar's Reap,2
Amass the Components,2
Amorphous Axe,2
"Anax, Hardened in the Forge",2
Ancestral Blade,2
Angelic Gift,2
Angelic Ascension,2
"Angrath, Captain of Chaos",2
Annihilating Fire,2
Anointed Chorister,2
Arc Runner,2
Archers of Qarsi,2
Arcum's Astrolabe,2
Ardent Elementalist,2
Arena Athlete,2
"Arlinn, Voice of the Pack",2
Armament Corps,2
Armament of Nyx,2
Arrest,2
Artillerize,2
Ashmouth Hound,2
Axgard Cavalry,2
Aven Eternal,2
Awaken the Bear,2
Awe for the Guilds,2
Auger Spree,2
Auriok Sunchaser,2
Audacious Infiltrator,2
Aspect of Lamprey,2
Ashiok's Adept,2
Aven Cloudchaser,2
Awakener Druid,2
Ambush Viper,2
Azorius Knight-Arbiter,2
Azorius Skyguard,2
Brazen Buccaneers,2
Bone Shards,2
Borderland Marauder,2
Bloodhusk Ritualist,2
Brambleguard Captain,2
Bloodcrazed Hoplite,2
Barter in Blood,2
Bog Rats,2
Bound in Gold,2
Bound by Moonsilver,2
Brood Keeper,2
Binding Mummy,2
Bastion Inventor,2
Weaver of Blossoms // Blossom-Clad Werewolf,2
Blackcleave Goblin,2
Blooming Blast,2
Bushy Bodyguard,2
Bellows Lizard,2
Burning-Tree Vandal,2
Breakneck Berserker,2
Bladeback Sliver,2
Blacksmith's Talent,2
Brute Strength,2
Blood of the Martyr,2
Blood Divination,2
Bulwark Giant,2
Bathe in Dragonfire,2
Barrow Witches,2
Brightwood Tracker,2
Bond of Flourishing,2
Brokers Charm,2
Boneclad Necromancer,2
Bleak Coven Vampires,2
Bala Ged Scorpion,2
Benalish Honor Guard,2
Brineborn Cutthroat,2
Bronze Sable,2
Brindle Boar,2
Bramblesnap,2
Brazen Wolves,2
Borrowed Hostility,2
Battlegate Mimic,2
Benthic Infiltrator,2
Battlewise Valor,2
Boiling Earth,2
Blood Tithe,2
Blood Beckoning,2
Benalish Knight,2
Bone Pit Brute,2
Blood Age General,2
Bloodthorn Taunter,2
Belligerent Whiptail,2
Band Together,2
Bonds of Faith,2
Bile Blight,2
Blisterstick Shaman,2
Peerless Recycling,2
Hop to It,2
Ruthless Negotiation,2
Heartfire Hero,2
Cobbled Wings,2
Contraband Kingpin,2
Crew Captain,2
Clan Guildmage,2
Canker Abomination,2
Chief of the Scale,2
Cathar's Shield,2
Centaur Healer,2
Conclave Guildmage,2
Corrupt,2
Consign to the Pit,2
Crypt Creeper,2
Cast Out,2
Caught in the Brights,2
Cemetery Recruitment,2
Cruel Feeding,2
Caustic Tar,2
Charity Extractor,2
Caustic Hound,2
Cry of the Carnarium,2
Cauldron's Gift,2
Celestial Flare,2
Circle of Protection: White,2
Court Street Denizen,2
Crusader of Odric,2
Clinging Mists,2
Circuitous Route,2
Carapace Forger,2
Crowned Ceratok,2
Cowl Prowler,2
Confront the Unknown,2
Court Archers,2
Conviction,2
Call to Serve,2
Canopy Stalker,2
Canopy Gorger,2
Center Soul,2
Crackling Cyclops,2
Chasm Guide,2
Crystal Slipper,2
Coruscation Mage,2
Chandra's Revolution,2
Countermand,2
Call to Heel,2
Carbonize,2
Cleaving Sliver,2
Crush Dissent,2
Crashing Tide,2
Courier's Capsule,2
Captivating Gyre,2
Crippling Chill,2
Craven Hulk,2
Cyclops of One-Eyed Pass,2
Cosmotronic Wave,2
Dukhara Peafowl,2
Deft Duelist,2
Dire Fleet Warmonger,2
Defend the Hearth,2
Dwynen's Elite,2
Darkthicket Wolf,2
Dawnhart Rejuvenator,2
Dissenter's Deliverance,2
Deadeye Rig-Hauler,2
Daring Waverider,2
Dazzling Denial,2
Departed Deckhand,2
Dynacharge,2
Dark Temper,2
Defiant Khenra,2
Dragon Whelp,2
Devour in Flames,2
Diregraf Escort,2
Daring Buccaneer,2
Devkarin Dissident,2
Doomskar Titan,2
Distemper of the Blood,2
Dub,2
Doomed Traveler,2
Divine Resilience,2
Dewdrop Cure,2
D'Avenant Archer,2
Doomskar Oracle,2
Daybreak Chaplain,2
Dawning Angel,2
Dark Favor,2
Dutiful Return,2
Dead Reckoning,2
Deathknell Berserker,2
Divest,2
Deathmark,2
Duty-Bound Dead,2
Dementia Bat,2
Disentomb,2
Demonic Appetite,2
Dominator Drone,2
Diabolic Edict,2
Demon's Herald,2
Dark Nourishment,2
Dross Crocodile,2
Devouring Swarm,2
Doomed Dissenter,2
Dregscape Zombie,2
Disfigure,2
Debilitating Injury,2
Dread Rider,2
Elaborate Firecannon,2
Elderleaf Mentor,2
Erg Raiders,2
Eye Gouge,2
Eternal Thirst,2
Exotic Curse,2
Essence Feed,2
Essence Drain,2
Executioner's Capsule,2
Expedition Champion,2
Earth Elemental,2
Enthusiastic Study,2
Erdwal Ripper,2
Elite Guardmage,2
Essence Scatter,2
Exultant Cultist,2
Eagle of the Watch,2
Encampment Keeper,2
Eternal Isolation,2
Ethereal Guidance,2
Encrust,2
Elusive Spellfist,2
Exultant Skymarcher,2
Expedition Diviner,2
Excavation Elephant,2
Enforcer Griffin,2
Enduring Victory,2
Exclusion Mage,2
Expedition Raptor,2
Emissary of the Sleepless,2
Embodiment of Spring,2
Flayer Husk,2
"Finneas, Ace Archer",2
Firewild Borderpost,2
Feral Krushok,2
Fell the Pheasant,2
Feral Contest,2
Feed the Clan,2
Forced Landing,2
Fortified Rampart,2
Fledgling Griffin,2
Faith's Fetters,2
Faerie Mechanist,2
Force Away,2
Fortress Crab,2
Festive Funeral,2
Fathom Fleet Cutthroat,2
Fetid Imp,2
Fanatical Firebrand,2
Fireball,2
Forge Devil,2
Foundry Street Denizen,2
Furor of the Bitten,2
Fissure Wizard,2
First-Sphere Gargantua,2
Fearsome Temper,2
Fathom Fleet Boarder,2
Firehoof Cavalry,2
Fortuitous Find,2
Furious Resistance,2
Firefist Adept,2
Frilled Sparkshooter,2
Firemantle Mage,2
Font of Return,2
Fume Spitter,2
Felhide Petrifier,2
Frost Lynx,2
Final Death,2
Felhide Brawler,2
Fairgrounds Warden,2
Furyblade Vampire,2
Flood of Recollection,2
Goggles of Night,2
Gaseous Form,2
Glacial Stalker,2
Golgari Longlegs,2
Glowspore Shaman,2
Gruul Spellbreaker,2
Goblin Outlander,2
Glamorous Outlaw,2
Greatsword,2
Ghoulcaller's Bell,2
Guild Globe,2
Gleaming Barrier,2
Glaring Aegis,2
Griffin Sentinel,2
Ghostly Sentinel,2
Giant Ox,2
Ghostblade Eidolon,2
Grasp of the Hieromancer,2
God-Pharaoh's Faithful,2
Ghalma's Warden,2
Glint-Sleeve Artisan,2
Gird for Battle,2
Griffin Protector,2
Griffin Rider,2
Geist-Fueled Scarecrow,2
Gift of Strength,2
Gatecreeper Vine,2
Gift of the Gargantuan,2
Garenbrig Carver // Shield's Might,2
Grappling Sundew,2
Glissa's Scorn,2
Giltgrove Stalker,2
Generous Stray,2
Ghastbark Twins,2
Grounded,2
Gnawing Zombie,2
Grave Scrabbler,2
Gluttonous Slug,2
Glaze Fiend,2
Geyserfield Stalker,2
Giant Slug,2
Grave Birthing,2
Grim Strider,2
Ghitu Chronicler,2
Goblin Wizardry,2
Goblin Bird-Grabber,2
Goatnap,2
Goblin Tunneler,2
Goblin Freerunner,2
Generator Servant,2
Grotag Thrasher,2
Gore-House Chainwalker,2
Galvanic Arc,2
Goblin Assailant,2
Hedron Crawler,2
Hero's Blade,2
Hypothesizzle,2
Hallowed Healer,2
Hold at Bay,2
Hunted Witness,2
Heliod's Emissary,2
Haazda Officer,2
Hookhand Mariner // Riphook Raider,2
Hamlet Captain,2
Hazardroot Herbalist,2
Horizon Seeker,2
Honored Dreyleader,2
High Stride,2
Hunter's Edge,2
Heaped Harvest,2
Hooting Mandrills,2
Howl from Beyond,2
Hagra Sharpshooter,2
Haunted Dead,2
Hunt for Specimens,2
Hero's Downfall,2
Hazel's Nocturne,2
"Huatli, the Sun's Heart",2
Hammer Dropper,2
Herald of Dromoka,2
Hollowhenge Beast,2
Harbor Serpent,2
Humongulus,2
Hard Cover,2
Horizon Scholar,2
Halt Order,2
Harvest Pyre,2
Heartfire Immolator,2
Hammerhand,2
Heat Ray,2
Heated Debate,2
Hanweir Lancer,2
Harvesttide Infiltrator // Harvesttide Assailant,2
Highland Berserker,2
Hagi Mob,2
Hyena Pack,2
Igneous Pouncer,2
Ironroot Warlord,2
Introduction to Annihilation,2
Imperious Perfect,2
Intrepid Provisioner,2
Ixalli's Diviner,2
Insatiable Harpy,2
"Imoen, Mystic Trickster",2
Into the Flood Maw,2
Incinerate,2
Igneous Cur,2
Incurable Ogre,2
Impact Tremors,2
Insatiable Gorgers,2
Immolation,2
Incorrigible Youths,2
Irregular Cohort,2
Iona's Judgment,2
Intrepid Rabbit,2
Join Shields,2
Jeskai Banner,2
Juggernaut,2
Jousting Dummy,2
Jousting Lance,2
Jaddi Lifestrider,2
Jadecraft Artisan,2
Jungle Delver,2
Jeskai Student,2
Join the Ranks,2
Jackdaw Savior,2
Journey to Oblivion,2
Jeskai Windscout,2
Jace's Triumph,2
Jace's Scrutiny,2
Juvenile Mist Dragon,2
"Kaya, Bane of the Dead",2
Kardur's Vicious Return,2
Kragma Warcaller,2
Keeper of the Lens,2
Kindercatch,2
Kozilek's Predator,2
Kraul Foragers,2
Kin-Tree Warden,2
Kraken Hatchling,2
Kiora's Dambreaker,2
Knight of Malice,2
Kheru Bloodsucker,2
Kumano's Blessing,2
Kragma Butcher,2
Kuldotha Ringleader,2
Kithkin Zephyrnaut,2
Kitesail Cleric,2
Knight of the Skyward Eye,2
Keening Apparition,2
Knight of Sorrows,2
Kor Cartographer,2
Kor Hookmaster,2
Kronch Wrangler,2
Kraul Swarm,2
Lens of Clarity,2
League Guildmage,2
Library Larcenist,2
Live Fast,2
Launch Party,2
Locthwain Paladin,2
Lazotep Behemoth,2
Loathsome Catoblepas,2
Lash of the Whip,2
Lash of Thorns,2
Lingering Phantom,2
Liliana's Steward,2
Lightning Diadem,2
Lightning Strike,2
Leaping Master,2
Lifesmith,2
Lush Growth,2
Lys Alana Bowmaster,2
Loxodon Convert,2
Loyal Pegasus,2
Loxodon Wayfarer,2
Lumengrid Drake,2
Lunarch Mantle,2
Master the Way,2
Magefire Wings,2
Mana Cylix,2
Marble Diamond,2
Mardu Banner,2
Metamorphosis,2
Murasa Behemoth,2
Master Symmetrist,2
Mammoth Growth,2
Might of the Masses,2
Mother Bear,2
Martyr's Soul,2
Mummy Paramount,2
Makindi Aeronaut,2
Moment of Triumph,2
Mists of Littjara,2
Merfolk Skyscout,2
Merfolk Secretkeeper // Venture Deeper,2
Mind Bomb,2
Master Thief,2
Mocking Sprite,2
Mischievous Mystic,2
Man-o'-War,2
Mistfire Weaver,2
Mystic of the Hidden Way,2
Magmatic Chasm,2
Manifold Mouse,2
Mardu Scout,2
Make Mischief,2
Manticore of the Gauntlet,2
Molten Ravager,2
Mad Prophet,2
Magmatic Sinkhole,2
Mistral Singer,2
Mardu Blazebringer,2
Moat Piranhas,2
Messenger's Speed,2
Minotaur Tactician,2
Malevolent Whispers,2
Marsh Threader,2
Maulfist Doorbuster,2
Marauding Blight-Priest,2
Mob,2
Mind Drain,2
Morkrut Necropod,2
Mardu Skullhunter,2
Malevolent Noble,2
Marshmist Titan,2
Molting Snakeskin,2
Morgue Toad,2
Mire's Malice,2
Naya Sojourners,2
Nest Robber,2
Ninth Bridge Patrol,2
Nimbus Wings,2
Negate,2
Novellamental,2
No Escape,2
Necrogen Scudder,2
Nightmarish End,2
Never Happened,2
Nyxborn Eidolon,2
Novice Dissector,2
Nirkana Assassin,2
Nature's Embrace,2
Nature's Way,2
Nylea's Disciple,2
Nissa's Triumph,2
Nessian Asp,2
Nyxborn Wolf,2
Ogre Siegebreaker,2
Orazca Relic,2
Outflank,2
Oreskos Swiftclaw,2
Oracle of Dust,2
Olivia's Dragoon,2
Oblivion's Hunger,2
Ordeal of Erebos,2
Ogre Jailbreaker,2
Order of Midnight // Alter Fate,2
Overprotect,2
Overgrown Armasaur,2
Overrun,2
Oakheart Dryads,2
Outnumber,2
Ondu Champion,2
Ogre Resister,2
Open Fire,2
Otherworldly Outburst,2
Ogre Errant,2
Pale Recluse,2
Pond Prophet,2
Porcelain Legionnaire,2
Prismite,2
Perilous Myr,2
Phyrexian Hulk,2
Pierce Strider,2
Pristine Talisman,2
Pestilent Souleater,2
Pennon Blade,2
Pirate's Cutlass,2
Prized Griffin,2
Prowling Felidar,2
Prey Upon,2
Pilfer,2
Plague Wight,2
Persuasive Interrogators,2
Pensive Minotaur,2
Precise Strike,2
Pillardrop Warden,2
Processor Assault,2
Pursue Glory,2
Press into Service,2
Prohibit,2
Plague Mare,2
Pheres-Band Tromper,2
Pathmaker Initiate,2
Plated Crusher,2
Protection of the Hekma,2
Plumecreed Escort,2
Pilfering Hawk,2
Puppet Master,2
Phantom Beast,2
Pore Over the Pages,2
Prying Eyes,2
Psychic Barrier,2
Palace Familiar,2
Portal of Sanctuary,2
"Queza, Augur of Agonies",2
Quaketusk Boar,2
Quag Sickness,2
Queen's Bay Soldier,2
Quest for Ancient Secrets,2
Runed Stalactite,2
Roving Keep,2
Rusted Slasher,2
Razorfield Thresher,2
Riot Gear,2
Rust Tick,2
Ruin Processor,2
Rakdos Locket,2
Rakish Revelers,2
Rakdos Cackler,2
River's Grasp,2
Ravenous Leucrocota,2
Resounding Roar,2
Rhox Oracle,2
Relic Crush,2
Rot Shambler,2
Rosethorn Halberd,2
Regenerate,2
Riddle Gate Gargoyle,2
Rubble Slinger,2
Resolute Rider,2
Rhizome Lurcher,2
Ravenous Harpy,2
Rotting Fensnake,2
Returned Reveler,2
Rank Officer,2
Rite of the Serpent,2
Ruthless Cullblade,2
Risen Riptide,2
Reject,2
Rescue,2
Research Assistant,2
Repel Calamity,2
Resounding Silence,2
Resupply,2
Rasaad yn Bashir,2
Radical Idea,2
Riddlesmith,2
Return from Extinction,2
Rush of Ice,2
Rescue from the Underworld,2
Remember the Fallen,2
Rain of Revelation,2
Resistance Fighter,2
Rallying Roar,2
Relic Runner,2
River Darter,2
Ritual of Rejuvenation,2
Ravenous Giant,2
Rolling Temblor,2
Ridge Rannet,2
Rolling Thunder,2
Reckless Brute,2
Rabid Gnaw,2
Reckless Charge,2
Raking Claws,2
Rubblebelt Boar,2
Rush of Adrenaline,2
Rumbling Aftershocks,2
Rimrock Knight // Boulder Rush,2
Raging Goblin,2
Rigging Runner,2
Resounding Thunder,2
Sharpened Pitchfork,2
Staunch Throneguard,2
Skittering Surveyor,2
Sylvok Replica,2
Screaming Shield,2
Stone Golem,2
Shrewd Hatchling,2
Sphinx's Insight,2
Shinechaser,2
Swathcutter Giant,2
Skyrider Patrol,2
Shadewing Laureate,2
Slitherhead,2
Skyrider Elf,2
"Samut, Tyrant Smasher",2
Saberclaw Golem,2
Saheeli's Silverwing,2
Snowhorn Rider,2
Swarm Guildmage,2
Sentry of the Underworld,2
Salvager of Ruin,2
Spiteful Squad,2
Snapsail Glider,2
Sultai Soothsayer,2
Sporecap Spider,2
Springmane Cervin,2
Seek the Horizon,2
Sporeback Wolf,2
Snake of the Golden Grove,2
Shaman of Spring,2
Steady Aim,2
Smoke Teller,2
Sunshower Druid,2
Sultai Flayer,2
Satyr Wayfinder,2
Stalking Drone,2
Swell of Growth,2
Scout the Borders,2
Stream of Life,2
Somberwald Dryad,2
Singe,2
Sabretooth Tiger,2
Shatterskull Giant,2
Skyraker Giant,2
Storm Strike,2
Scavenged Blade,2
Skizzik,2
Seismic Shudder,2
Shackles of Treachery,2
Stormblood Berserker,2
Scourge Devil,2
Seismic Strike,2
Scorch Spitter,2
Scrapyard Mongrel,2
Stensia Banquet,2
Sneaking Guide,2
Survey the Wreckage,2
Stampeding Horncrest,2
Spearpoint Oread,2
Sweatworks Brawler,2
Spire Barrage,2
Splatter Thug,2
Sanguinary Mage,2
Salivating Gremlins,2
Stingscourger,2
Start from Scratch,2
Seraph of Dawn,2
Sun Sentinel,2
Samite Healer,2
Starfall Invocation,2
Stalwart Aven,2
Solemn Offering,2
Soul of Migration,2
Spontaneous Flight,2
"Syr Alin, the Lion's Claw",2
Supply Caravan,2
Scale Blessing,2
Skyhunter Patrol,2
Swift Response,2
Summary Judgment,2
Shieldmate's Blessing,2
Sunspear Shikari,2
Slash of Talons,2
Soaring Hope,2
Sage-Eye Harrier,2
Savannah Lions,2
Stern Constable,2
Siegecraft,2
Story Seeker,2
Stone Haven Medic,2
Setessan Griffin,2
Steadfast Sentry,2
Silvercoat Lion,2
Silent Artisan,2
Sandcrafter Mage,2
Study Break,2
Secure the Scene,2
Stave Off,2
Sun-Crested Pterodon,2
Staunch Shieldmate,2
Stonewise Fortifier,2
Sunhome Stalwart,2
Seeker of the Way,2
Sergeant-at-Arms,2
Sanguine Indulgence,2
Sengir Vampire,2
Starscape Cleric,2
Soul Salvage,2
Sootwalkers,2
"Sivriss, Nightmare Speaker",2
Stab Wound,2
Spark Harvest,2
Scourgemark,2
Shadow Alley Denizen,2
Sorcerer of the Fang,2
Slaughter Drone,2
Stromkirk Patrol,2
Shrivel,2
Sludge Crawler,2
Serpent Warrior,2
Severed Strands,2
Sadistic Obsession,2
Sky Scourer,2
Swarm Surge,2
Sultai Scavenger,2
Shore Keeper,2
Summoner's Bane,2
Selhoff Occultist,2
Spell Snuff,2
Shoreline Looter,2
Sage's Row Denizen,2
Scrapdiver Serpent,2
Scaldkin,2
Sworn Guardian,2
Skywarp Skaab,2
Skyskipper Duo,2
Scion of Glaciers,2
Slimebind,2
Screeching Silcaw,2
Spectral Sailor,2
Screeching Skaab,2
Siren's Ruse,2
Stratus Walk,2
Spined Megalodon,2
Sea Legs,2
Steelclad Serpent,2
Siren's Call,2
Stream of Thought,2
Set Adrift,2
Selective Snare,2
Temur Banner,2
Tangle Hulk,2
Thistledown Duo,2
Thoughtcutter Agent,2
Tempest Angler,2
Teleportal,2
Teach by Example,2
Trostani's Judgment,2
Tasseled Dromedary,2
Triplicate Spirits,2
Trained Caracal,2
Tine Shrike,2
Take Vengeance,2
Turn to Frog,2
Turn Aside,2
Teferi's Protege,2
Tamiyo's Epiphany,2
Triton Tactics,2
Thassa's Bounty,2
Tome Raider,2
Taigam's Scheming,2
Triton Wavebreaker,2
Treasure Hunt,2
Traumatic Visions,2
Trapfinder's Trick,2
Tome Scour,2
Tightening Coils,2
Tilonalli's Crown,2
Thunder Strike,2
Thorn-Thrash Viashino,2
Tenement Crasher,2
Terror of the Fairgrounds,2
Tundra Kavu,2
Tuktuk Grunts,2
Teeterpeak Ambusher,2
Temur Battle Rage,2
Talons of Falkenrath,2
Thrash of Raptors,2
Toxic Nim,2
Tithebearer Giant,2
Tempting Witch,2
Taste of Blood,2
Toxic Scorpion,2
Thundering Ceratok,2
Tajuru Stalwart,2
Tel-Jilad Fallen,2
Tender Wildguide,2
Uncle Istvan,2
Unholy Strength,2
Undead Leotau,2
Unraveling Mummy,2
Umezawa's Charm,2
Urza's Rage,2
Unnatural Endurance,2
Turntimber Ascetic,2
Tishana's Wayfinder,2
Territorial Boar,2
Talons of Wildwood,2
Urban Utopia,2
Tajuru Pathwarden,2
Trufflesnout,2
Ultimate Price,2
Urban Burgeoning,2
Unfriendly Fire,2
Underworld Rage-Hound,2
Vampire Lacerator,2
Venomous Changeling,2
Voracious Vampire,2
Valakut Predator,2
Vaporkin,2
Vengeful Vampire,2
Vanquish the Foul,2
Volcanic Geyser,2
Valley Mightcaller,2
Vedalken Certarch,2
Vampiric Rites,2
Venerable Lammasu,2
Vampiric Fury,2
Vines of the Recluse,2
Vesperlark,2
Volcanic Strength,2
Voice of the Provinces,2
Vineweft,2
Vildin-Pack Outcast // Dronepack Kindred,2
Vengeful Warchief,2
Verdant Haven,2
Visions,2
Viashino Fangtail,2
Valley Dasher,2
Vorstclaw,2
Volcanic Submersion,2
Voltaic Brawler,2
"Valduk, Keeper of the Flame",2
Vulpine Goliath,2
Vampire Revenant,2
Vile Rebirth,2
Wintermoor Commander,2
Wardens of the Cycle,2
Waveskimmer Aven,2
Warden of Geometries,2
Wall of Forgotten Pharaohs,2
Wrap in Flames,2
Wayward Giant,2
Wrangle,2
Wojek Bodyguard,2
Whiskerquill Scribe,2
Wingsteed Rider,2
War Behemoth,2
Wandering Champion,2
Wall of One Thousand Cuts,2
Wake of Vultures,2
Wakedancer,2
Wild Ceratok,2
Walker of the Grove,2
Wolf's Quarry,2
Winnower Patrol,2
Witness the End,2
Warpath Ghoul,2
Witch's Cauldron,2
Warden of the Woods,2
Wolfkin Bond,2
Witch's Familiar,2
Wall of Shadows,2
Warded Battlements,2
Wishcoin Crab,2
Witness of Tomorrows,2
Warden of Evos Isle,2
Windcaller Aven,2
Wave-Wing Elemental,2
Wetland Sambar,2
Yoked Plowbeast,2
Yarok's Wavecrasher,2
Yoke of the Damned,2
Zhur-Taa Goblin,2
Zombie Goliath,2
Zulaport Chainmage,2
Human,2
Dog,2
Food,2
Insect,2
Wall,2
Elf Warrior,2
Soldier Ally,2
Golem,2
Germ,2
Carnival // Carnage,1
Invert // Invent,1
Consecrate // Consume,1
Status // Statue,1
Order // Chaos,1
Appeal // Authority,1
Surgical Suite // Hospital Room,1
Greenhouse // Rickety Gazebo,1
Profit // Loss,1
Abandoned Outpost,1
Archaeological Dig,1
Arcane Sanctum,1
Aysen Abbey,1
Archway Commons,1
Blighted Fen,1
Bog Wreckage,1
Bretagard Stronghold,1
Crawling Barrens,1
Crypt of the Eternals,1
Command Tower,1
Cinder Barrens,1
Dread Statuary,1
Desert of the Mindful,1
Desert of the True,1
Demolition Field,1
Grove of the Guardian,1
Gnottvold Slumbermound,1
Havenwood Battleground,1
Idyllic Grange,1
Jagged Barrens,1
Jungle Shrine,1
Lupinflower Village,1
Lorehold Campus,1
Meandering River,1
Maze's End,1
Memorial to Genius,1
Port of Karfell,1
Prismari Campus,1
Racers' Ring,1
Soaring Seacliff,1
Shimmerdrift Vale,1
Skybridge Towers,1
Submerged Boneyard,1
Temple of Mystery,1
Temple of Abandon,1
Temple of Deceit,1
Tramway Station,1
Temple of Malady,1
Temple of Epiphany,1
Temple of Malice,1
Temple of Triumph,1
Turntimber Grove,1
Temple of Plenty,1
Temple of Enlightenment,1
Temple of Silence,1
Three Tree City,1
Warped Landscape,1
Witherbloom Campus,1
Abbey Griffin,1
Abnormal Endurance,1
Abominable Treefolk,1
Abrade,1
Absorb Vis,1
Abundant Maw,1
Abyssal Specter,1
Abzan Charm,1
Accorder Paladin,1
Accursed Centaur,1
Accursed Horde,1
Acolyte of Xathrid,1
Adaptive Automaton,1
Adarkar Unicorn,1
Adventure Awaits,1
Adventurous Impulse,1
Adverse Conditions,1
Aether Burst,1
Aether Charge,1
Aether Figment,1
Aethertow,1
Aether Chaser,1
Aether Spike,1
Aethertorch Renegade,1
Aerial Formation,1
Aerial Predation,1
Aerial Responder,1
Aerie Bowmasters,1
Aerie Mystics,1
Affa Protector,1
Aggressive Urge,1
Ageless Guardian,1
Agonizing Syphon,1
Agoraphobia,1
Ainok Guide,1
Airdrop Aeronauts,1
Akki Underling,1
Akoum Battlesinger,1
Akoum Hellhound,1
Akrasan Squire,1
Akroan Hoplite,1
Akroan Jailer,1
Akroan Skyguard,1
Alabaster Mage,1
Aladdin's Ring,1
"Alania, Divergent Storm",1
Alchemist's Greeting,1
Alchemist's Retrieval,1
Alchemist's Vial,1
Algae Gharial,1
Aliban's Tower,1
Alley Strangler,1
Allied Assault,1
Alluring Siren,1
Alpha Tyrranax,1
Altar of the Lost,1
Altar of the Pantheon,1
Amphin Cutthroat,1
Ambitious Aetherborn,1
Ambush Wolf,1
Amphin Pathmage,1
Ancient Brontodon,1
Ancient Kavu,1
Angel of Finality,1
Angel of the God-Pharaoh,1
Angel of Vitality,1
Angelic Benediction,1
Angelic Blessing,1
Angelic Destiny,1
Angelic Edict,1
Angelic Purge,1
Angelheart Protector,1
Ankle Biter,1
Animate Artifact,1
Anodet Lurker,1
Anointer of Valor,1
Answered Prayers,1
Anti-Magic Aura,1
Anurid Murkdiver,1
Anvilwrought Raptor,1
Apothecary Geist,1
Aquus Steed,1
Arachnus Web,1
Araumi of the Dead Tide,1
Arbalest Elite,1
Arbiter of Woe,1
Arborback Stomper,1
Arc Lightning,1
Arc Trail,1
Arcane Signet,1
Arcane Subtraction,1
Arcanis the Omnipotent,1
Arctic Aven,1
Archway Angel,1
Archweaver,1
Ardent Recruit,1
Ardent Soldier,1
Ardenvale Paladin,1
Ardenvale Tactician // Dizzying Swoop,1
Argent Mutation,1
Argothian Pixies,1
Armored Transport,1
Arrogant Poet,1
Arrow Volley Trap,1
Arsenal Thresher,1
Artful Takedown,1
Artisan's Sorrow,1
Artist's Talent,1
Atarka Efreet,1
Aspect of Gorgon,1
Ashiok's Skulker,1
Aspect of Manticore,1
Ascended Lawmage,1
Astral Drift,1
Asphodel Wanderer,1
Assassin's Strike,1
Assault Griffin,1
Ashnod's Transmogrant,1
Axgard Braggart,1
Axebane Beast,1
Azra Bladeseeker,1
Azorius Arrester,1
Azure Mage,1
Azorius Keyrune,1
Azorius Justiciar,1
Azure Beastbinder,1
Azure Drake,1
Azra Smokeshaper,1
Avacynian Priest,1
Aviary Mechanic,1
Aven Gagglemaster,1
Aven Wind Mage,1
Aven Reedstalker,1
Aven Fleetwing,1
Aven Trailblazer,1
Aven Squire,1
Aven Initiate,1
Avacynian Missionaries // Lunarch Inquisitors,1
Aven Sunstriker,1
Auto-Key,1
Auriok Replica,1
Auramancer,1
Aura Finesse,1
"Aurelia, the Warleader",1
"Ayli, Eternal Pilgrim",1
Brazen Scourge,1
Built to Last,1
Barbarian Outcast,1
Battalion Foot Soldier,1
Blightwidow,1
Burn the Impure,1
Bumbleflower's Sharepot,1
Buzz Buggy,1
Benalish Infantry,1
Boomerang,1
Berg Strider,1
Brinebarrow Intruder,1
Bellowing Elk,1
Bombard,1
Butcher's Cleaver,1
Boon of Emrakul,1
Bird Admirer // Wing Shredder,1
Bandage,1
Breaching Hippocamp,1
Blood Researcher,1
Burning-Tree Emissary,1
Bloodrage Brawler,1
Brightblade Stoat,1
Brambleguard Veteran,1
Builder's Talent,1
Bedhead Beastie,1
Blastfire Bolt,1
Bomber Corps,1
Blood Mist,1
Burning-Yard Trainer,1
Bark-Knuckle Boxer,1
Brazen Collector,1
Bonecache Overseer,1
Blast of Genius,1
Blinding Flare,1
Blade Instructor,1
Burrowguard Mentor,1
Bandit's Talent,1
Bloodbond Vampire,1
Blistercoil Weird,1
Banish from Edoras,1
Bushwhack,1
Blasphemous Edict,1
Bog Down,1
Bloodfire Colossus,1
Barkhide Troll,1
Borderland Ranger,1
Burning Vengeance,1
Brushfire Elemental,1
Basilica Bell-Haunt,1
Barrenton Cragtreads,1
Big Play,1
Burn Away,1
Boros Keyrune,1
Boros Locket,1
Bloodcrazed Goblin,1
Blinding Drone,1
Brood Weaver,1
Board the Weatherlight,1
Baloth Gorger,1
Brine Giant,1
Blitz of the Thunder-Raptor,1
Beyeen Veil // Beyeen Coast,1
Barrel Down Sokenzan,1
Baloth Cage Trap,1
Blur of Blades,1
Blade Juggler,1
Blightcaster,1
Blind Zealot,1
Black Cat,1
Blistergrub,1
Bellowing Saddlebrute,1
Banshee,1
Ballyrush Banneret,1
Blockade Runner,1
Brackwater Elemental,1
Bolt Bend,1
Bristling Boar,1
Bloodsoaked Altar,1
Boros Cluestone,1
Bloodlust Inciter,1
Boarding Party,1
Buried in the Garden,1
Brink of Disaster,1
Bind the Monster,1
Bubble Smuggler,1
Bogardan Dragonheart,1
"Bonny Pall, Clearcutter",1
Burnished Hart,1
Boros Charm,1
Brood Monitor,1
Blisterpod,1
Brimstone Volley,1
Borrowed Grace,1
Blossom Dryad,1
Boreal Outrider,1
Beast-Kin Ranger,1
Basilisk Collar,1
Bone Saw,1
Blessed Reversal,1
Burrenton Shield-Bearers,1
Bartered Cow,1
Bastion Enforcer,1
Blessed Spirits,1
Bring to Trial,1
Bold Defense,1
Banishment Decree,1
Backslide,1
Blazing Salvo,1
Banners Raised,1
Behind the Mask,1
Bleeding Edge,1
Betrothed of Fire,1
Batterhorn,1
Barrage of Boulders,1
Ball Lightning,1
Bloodmad Vampire,1
Bird Maiden,1
Bloodshot Trainee,1
Battle Rampart,1
Berserkers of Blood Ridge,1
Boggart Sprite-Chaser,1
Burning Shield Askari,1
Battering Ram,1
Brawl-Bash Ogre,1
Bite Down,1
Befuddle,1
Bury in Books,1
Barrin's Unmaking,1
Brilliant Spectrum,1
Battleflight Eagle,1
Beaming Defiance,1
Bishop's Soldier,1
Blessed Light,1
Burrenton Bombardier,1
Battle Hurda,1
Bog Initiate,1
Barony Vampire,1
Bloodmist Infiltrator,1
Balustrade Spy,1
Mockingbird,1
Essence Channeler,1
"Baylen, the Haymaker",1
Cultivator's Caravan,1
Clockwork Steed,1
Cogwork Archivist,1
Crumbling Colossus,1
Cryptex,1
Civic Saber,1
Custodian of the Trove,1
Campus Guide,1
Cultist's Staff,1
Consulate Skygate,1
Cranial Archive,1
Consulate Turret,1
Charcoal Diamond,1
Crown of Empires,1
Crystal Rod,1
Campfire,1
Cogworker's Puzzleknot,1
Celestial Prism,1
Crook of Condemnation,1
Combine Guildmage,1
Chemister's Trick,1
Cabaretti Charm,1
Consuming Aberration,1
Cloudblazer,1
Carrion Thrash,1
Dreadhorde Butcher,1
Cleric of Life's Bond,1
Chronicler of Heroes,1
Cult Guildmage,1
"Clement, the Worrywort",1
Coursers' Accord,1
Common Bond,1
Cram Session,1
capital offense,1
Cabal Evangel,1
Corpse Blockade,1
Complete Disregard,1
Cruel Finality,1
Crow of Dark Tidings,1
Cruelclaw's Heist,1
Creeping Chill,1
Cremate,1
Cackling Slasher,1
Clear the Stage,1
Catacomb Crocodile,1
Canal Monitor,1
Cursed Minotaur,1
Contagious Nim,1
Carrier Thrall,1
Cavern Whisperer,1
Corrupted Roots,1
Caustic Crawler,1
Carrion Imp,1
Consumed by Greed,1
Cracked Skull,1
Coat with Venom,1
Cankerous Thirst,1
Cutthroat Maneuver,1
Curse of Oblivion,1
Cartouche of Ambition,1
Crippling Blight,1
Contract Killing,1
Corpse Lunge,1
Cursed Land,1
Claim of Erebos,1
Candlegrove Witch,1
Cursebreak,1
Clarion Cathars,1
Circle of Protection: Artifacts,1
Conclave Tribunal,1
Circle of Protection: Green,1
Collar the Culprit,1
Chaplain's Blessing,1
Conclave Phalanx,1
Crowd Favorites,1
Constable of the Realm,1
Changeling Sentinel,1
Combat Professor,1
Civic Stalwart,1
Celestial Unicorn,1
Charge,1
Champion of Arashin,1
Circle of Protection: Red,1
Conversion,1
Compulsory Rest,1
Caretaker's Talent,1
Checkpoint Officer,1
Countless Gears Renegade,1
Cat Collector,1
Cenn's Heir,1
Charming Prince,1
Consul's Lieutenant,1
Courageous Outrider,1
Choking Restraints,1
Coordinated Charge,1
Chapel Geist,1
Candlelight Vigil,1
Carrion Call,1
Crabapple Cohort,1
Centaur Chieftain,1
Chub Toad,1
Craw Giant,1
Crawling Sensation,1
Clifftop Lookout,1
Centaur's Herald,1
Chorus of Might,1
Crash the Ramparts,1
Consign to Dust,1
Colossodon Yearling,1
Cocoon,1
Carapace,1
Charging Binox,1
Conifer Wurm,1
Craw Wurm,1
Centaur Battlemaster,1
Clever Combo,1
Clear Shot,1
Curious Forager,1
Corrosive Gale,1
Commune with the Gods,1
Cystbearer,1
Cautious Survivor,1
Corrosive Ooze,1
Call the Scions,1
Chandra's Pyreling,1
Chandra's Defeat,1
Crusher Zendikon,1
Conquer,1
Cathartic Reunion,1
Crossway Vampire,1
Coming In Hot,1
Coordinated Assault,1
Crush,1
Chandra's Triumph,1
Consuming Fervor,1
Crowd's Favor,1
Clamor Shaman,1
Cosi's Ravager,1
Convicted Killer // Branded Howler,1
Crimson Mage,1
Courageous Goblin,1
Canyon Minotaur,1
Cloudpiercer,1
Consuming Bonfire,1
Change of Fortune,1
Clear a Path,1
Champion of the Flame,1
Crumble to Dust,1
Crackling Perimeter,1
Collateral Damage,1
Chant of the Skifsang,1
Copycrook,1
Catalog,1
Chillerpillar,1
Contradict,1
Choking Tethers,1
Crypsis,1
Coma Veil,1
Coastal Discovery,1
Clinquant Skymage,1
Citywatch Sphinx,1
Chained Throatseeker,1
Chemister's Insight,1
Cartouche of Knowledge,1
Candlekeep Sage,1
Chart a Course,1
Cruel Witness,1
Clinging Anemones,1
Cumber Stone,1
Calamitous Tide,1
Cloud Elemental,1
Containment Membrane,1
Cultivator Drone,1
Cradle of Safety,1
Cloudheath Drake,1
Comparative Analysis,1
Claustrophobia,1
Chill of the Grave,1
Controlled Instincts,1
Chronic Flooding,1
Curse of the Bloody Tome,1
Confiscate,1
Crosstown Courier,1
Assassinate,1
Darksteel Colossus,1
Diamond Mare,1
Drownyard Behemoth,1
Drillworks Mole,1
Division Table,1
Demonmail Hauberk,1
Dovin's Acuity,1
Disciplined Duelist,1
Dreamdew Entrancer,1
Deadly Brew,1
Disinformation Campaign,1
Dramatic Rescue,1
Drogskol Reaver,1
Drakewing Krasis,1
Darkblade Agent,1
Dreadwing Scavenger,1
Disciple of Deceit,1
Deadshot Minotaur,1
Doubling Chant,1
Deeproot Warrior,1
Druid of the Cowl,1
Dawntreader Elk,1
Dragon-Scarred Bear,1
Drudge Beetle,1
Declare Dominance,1
Defend the Celestus,1
Durable Handicraft,1
Druidic Ritual,1
Dance of the Tumbleweeds,1
Dawnhart Mentor,1
Dawnhart Disciple,1
Dune Diviner,1
Druid of Horns,1
Disciple of the Old Ways,1
Dazzling Lights,1
Dive Down,1
Deep Freeze,1
"Denethor, Stone Seer",1
Defective Detective,1
Dwindle,1
Darkslick Drake,1
Dreadlight Monstrosity,1
Draugr Thought-Thief,1
Disperse,1
Deprive,1
Dreadwaters,1
Duskmourn's Domination,1
Didn't Say Please,1
Dirgur Nemesis,1
Depart the Realm,1
Dragon Wings,1
Dictate of Kruphix,1
Deny Existence,1
Dawnray Archer,1
Diligent Excavator,1
Deem Inferior,1
Deep Analysis,1
Deep-Sea Terror,1
Defiant Ogre,1
Dragon Hatchling,1
Dagger Caster,1
Destructive Tampering,1
Dragon Grip,1
Duct Crawler,1
Deathbellow Raider,1
Double Cleave,1
Dwarven Reinforcements,1
Desert Cerodon,1
Dragonsoul Knight,1
Dwarven Landslide,1
Dueling Rapier,1
Demanding Dragon,1
Direct Current,1
Dissension in the Ranks,1
Goblin Negotiation,1
Dragon Mage,1
Dragonmaster Outcast,1
Dragon Trainer,1
Drannith Stinger,1
Devouring Hellion,1
Daggersail Aeronaut,1
Dauntless Aven,1
Dawnglare Invoker,1
Dawnfeather Eagle,1
Duelcraft Trainer,1
Dive Bomber,1
Dauntless Unity,1
Djeru's Renunciation,1
Defend the Campus,1
Djeru's Resolve,1
Dire Tactics,1
Desert's Hold,1
Defang,1
Daru Healer,1
Deicide,1
Dawn's Truce,1
Driftgloom Coyote,1
Dromoka Warrior,1
Darklit Gargoyle,1
Dawnwing Marshal,1
Dawn Gryff,1
Dauntless Cathar,1
Dauntless Veteran,1
Defensive Maneuvers,1
Disposal Mummy,1
Daybreak Charger,1
Dedicated Martyr,1
Death Ward,1
Divine Favor,1
Demonic Pact,1
Doomfall,1
Dry Spell,1
Diplomacy of the Wastes,1
Dragon Shadow,1
Desecration Demon,1
Dark Betrayal,1
Destroy the Evidence,1
Dead Revels,1
Drudge Sentinel,1
Death Denied,1
Dark Dabbling,1
Dire Fleet Hoarder,1
Death's Caress,1
Die Young,1
Delirium Skeins,1
Dark Inquiry,1
Dusk Charger,1
Drift of the Dead,1
Dark Revenant,1
Deviant Glee,1
Dead Weight,1
Dhund Operative,1
Death Wind,1
Durable Coilbug,1
Distress,1
Diregraf Scavenger,1
Dross Hopper,1
Death-Priest of Myrkul,1
Deathgazer,1
Defiant Salvager,1
Dire Fleet Interloper,1
Deadeye Tormentor,1
Draugr Recruiter,1
Drainpipe Vermin,1
Driver of the Dead,1
Dread Drone,1
Duskwielder,1
Dune Beetle,1
Dunland Crebain,1
Dukhara Scavenger,1
Demonic Vigor,1
Dread Summons,1
Dead Reveler,1
Dreadwurm,1
Drag Down,1
Demonic Gifts,1
Downwind Ambusher,1
Expedition Map,1
Eldrazi Devastator,1
Explosive Apparatus,1
Entirely Normal Armchair,1
Ephara's Enlightenment,1
Elemental Summoning,1
Empyrean Eagle,1
Enigma Drake,1
Ethereal Ambush,1
Exploding Borders,1
Esper Stormblade,1
Erstwhile Trooper,1
Elder Mastery,1
Etherwrought Page,1
Elemental Masterpiece,1
Elephant Ambush,1
Elvish Fury,1
Esper Battlemage,1
Eaten by Spiders,1
Excavating Anurid,1
Entourage of Trest,1
Eager Trufflesnout,1
Elfsworn Giant,1
"Erinis, Gloom Stalker",1
Exemplar of Strength,1
Elfhame Druid,1
Experiment One,1
Ember Weaver,1
Elvish Rejuvenator,1
Elvish Regrower,1
El-Hajj√¢j,1
Eyes of the Beholder,1
Eviscerate,1
Erebos's Emissary,1
Eyeblight's Ending,1
Expunge,1
Entomber Exarch,1
Embraal Bruiser,1
Exiled Boggart,1
Elvish Doomsayer,1
Essence Infusion,1
Eaten Alive,1
Exsanguinate,1
Epic Downfall,1
Eternal Warrior,1
Earth Servant,1
Epiphany Storm,1
Explosive Derailment,1
Explosion of Riches,1
Explosive Impact,1
Eldrazi Aggressor,1
Earthen Goo,1
Ember Swallower,1
Exuberant Firestoker,1
Emberhorn Minotaur,1
Ember Beast,1
Ember-Eye Wolf,1
Embersmith,1
Erosion,1
Eyes Everywhere,1
Errant Minion,1
"Eluge, the Shoreless Sea",1
Essence Fracture,1
Etherium Spinner,1
Enlightened Maniac,1
Exclude,1
Enervate,1
Eldrazi Skyspawner,1
Erratic Visionary,1
Eddymurk Crab,1
Esperzoa,1
Erratic Apparition,1
Electrozoa,1
Evanescent Intellect,1
Emancipation Angel,1
Expedition Healer,1
Ephemeral Shields,1
Everdawn Champion,1
Eriette's Lullaby,1
Enduring Sliver,1
Eager First-Year,1
Estwald Shieldbasher,1
Eyes in the Skies,1
Flight Spellbomb,1
Fireshrieker,1
Firemind Vessel,1
Fountain of Ichor,1
Feldon's Cane,1
Forgotten Sentinel,1
Flowstone Armor,1
Faithful Watchdog,1
Fireblade Artist,1
Fusion Elemental,1
Fiendish Panda,1
Fire at Will,1
Final Payment,1
Fireglass Mentor,1
Fireborn Knight,1
Fresh-Faced Recruit,1
Fanatic of Xenagos,1
Fin-Clade Fugitives,1
Fairgrounds Trumpeter,1
Foxfire,1
Ferocious Pup,1
Flinthoof Boar,1
Fierce Empath,1
"Fynn, the Fangbearer",1
Flourishing Hunter,1
Formless Nurturing,1
Fear of Exposure,1
Fork in the Road,1
For the Common Good,1
Feral Invocation,1
Felidar Retreat,1
First Sliver's Chosen,1
Falconer Adept,1
Farsight Adept,1
Frantic Salvage,1
Fumigate,1
Flourishing Fox,1
Flowerfoot Swordmaster,1
Feather of Flight,1
Fierce Retribution,1
Fearless Fledgling,1
Fate Forgotten,1
Fortifying Provisions,1
Far Traveler,1
Fecund Greenshell,1
Facet Reader,1
Flight,1
Frilled Oculus,1
Frantic Inventory,1
Forbidden Alchemy,1
Fishliver Oil,1
Fog Bank,1
Floodtide Serpent,1
Fugitive Wizard,1
Fogwalker,1
Force Void,1
Finale of Revelation,1
Frostpeak Yeti,1
Faebloom Trick,1
Frogify,1
Frozen Solid,1
Frilled Sea Serpent,1
Fruit of Tizerus,1
Feast of Dreams,1
Flesh to Dust,1
Festergloom,1
Flaying Tendrils,1
Grotesque Demise,1
Gravepurge,1
Finishing Blow,1
Final Reward,1
Fleshformer,1
Fallen Cleric,1
Funeral March,1
Feaster of Fools,1
Farbog Revenant,1
Foundry Screecher,1
Fen Hauler,1
Fleshgrafter,1
Frightshroud Courier,1
Facevaulter,1
Feed the Serpent,1
Fell,1
Feed the Swarm,1
Fiery Conclusion,1
Fissure,1
Fire Drake,1
Flameblade Angel,1
Fervent Champion,1
Flamewave Invoker,1
Fit of Rage,1
Flame-Blessed Bolt,1
Fire Urchin,1
Fiery Fall,1
Frostling,1
First Volley,1
Flamespeaker Adept,1
Fry,1
Flames of the Raze-Boar,1
Fiery Temper,1
Fearful Villager // Fearsome Werewolf,1
Faultgrinder,1
Fuming Effigy,1
Falkenrath Reaver,1
Fiery Cannonade,1
Feral Maaka,1
Frost Bite,1
Fight with Fire,1
Flamecache Gecko,1
Festival of Embers,1
Frenzied Raptor,1
Firecannon Blast,1
Flametongue Yearling,1
Flare,1
Fireblade Charger,1
Fiery Finish,1
Flameborn Viron,1
Furnace Scamp,1
Flameborn Hellion,1
Fearless Pup,1
Frenzied Goblin,1
Godhunter Octopus,1
Glacial Crasher,1
Giant Albatross,1
Gearsmith Prodigy,1
Giant Tortoise,1
Gravity Negator,1
Glint,1
Galestrike,1
Gainsay,1
Geistwave,1
Gateway Sneak,1
Galvanic Alchemist,1
Ghost of Ramirez DePietro,1
Glaciers,1
Gravelgill Duo,1
Gorger Wurm,1
Garrison Sergeant,1
"Garna, Bloodfist of Keld",1
Grasping Thrull,1
Galloping Lizrog,1
Gruul Ragebeast,1
Grizzled Leotau,1
"Glarb, Calamity's Augur",1
Gandalf the Grey,1
Golem Artisan,1
Gearsmith Guardian,1
Golden Egg,1
Golden Urn,1
Gilded Lotus,1
Gruul Keyrune,1
Gremlin Mine,1
Geistcatcher's Rig,1
Galvanic Juggernaut,1
Guardians of Koilos,1
Guardian Automaton,1
Gate Colossus,1
Gust-Skimmer,1
Gargoyle Sentinel,1
Gatekeeper Gargoyle,1
Gravel Slinger,1
Gustcloak Runner,1
Glory Seeker,1
Gearshift Ace,1
Gideon's Triumph,1
Gustcloak Skirmisher,1
Ghost Warden,1
Glorifier of Dusk,1
Geist of the Moors,1
Gale Swooper,1
Gideon's Sacrifice,1
Gideon's Lawkeeper,1
God-Favored General,1
Goldnight Redeemer,1
Green Ward,1
Gustcloak Sentinel,1
Goldmaw Champion,1
Guardians of Akrasa,1
Gustcloak Harrier,1
Gather the Townsfolk,1
Gleam of Resistance,1
Gideon's Defeat,1
Gallows Warden,1
Guardian Lions,1
Gods' Hall Guardian,1
Galewind Moose,1
Glade Watcher,1
Golgari Decoy,1
Get a Leg Up,1
Gnarlid Pack,1
Gravetiller Wurm,1
Gnarlid Colony,1
Grizzled Outcasts // Krallenhorde Wantons,1
Greater Sandwurm,1
Grizzled Outrider,1
Greenwood Sentinel,1
Gladecover Scout,1
Garruk's Uprising,1
Giant Mantis,1
Geist Trappers,1
Guardian Gladewalker,1
Gnottvold Recluse,1
Glittering Frost,1
Glacial Revelation,1
Gift of Growth,1
Growth Cycle,1
Grapple with the Past,1
Grazing Gladehart,1
Gnarlback Rhino,1
Gigantosaurus,1
Gangrenous Zombies,1
Ghastly Gloomhunter,1
Grisly Survivor,1
Gorging Vulture,1
Grim Roustabout,1
Glint-Sleeve Siphoner,1
Gurmag Swiftwing,1
Gateway Shade,1
Gnarled Scarhide,1
Grixis Slavedriver,1
Gutter Skulk,1
Gatekeeper of Malakir,1
Groom's Finery,1
Grotesque Mutation,1
Goremand,1
Ghoulcaller's Accomplice,1
Grim Draugr,1
Grixis Battlemage,1
Goblin Heelcutter,1
Goblin Swine-Rider,1
Gluttonous Cyclops,1
Grotag Bug-Catcher,1
Goblin Surprise,1
Guild Artisan,1
Gravel-Hide Goblin,1
Grim Initiate,1
Giant Cindermaw,1
Guttersnipe,1
Goblin Artisans,1
Goblin Patrol,1
Grotag Night-Runner,1
Goblin Smuggler,1
Gibbering Fiend,1
Goblin Spelunkers,1
Ghor-Clan Wrecker,1
Giant Spectacle,1
Guise of Fire,1
Goblin Raider,1
Gilded Cerodon,1
Goblin Shrine,1
Gratuitous Violence,1
Giant Strength,1
Gargadon,1
Gore Swine,1
Geomancer's Gambit,1
Granitic Titan,1
Gremlin Infestation,1
Ghitu Slinger,1
Goblin Battle Jester,1
Heraldic Banner,1
Hedron Archive,1
Hedron Rover,1
Howling Golem,1
House Guildmage,1
Heroes' Reunion,1
Heroic Reinforcements,1
"Hamza, Guardian of Arashin",1
Hussar Patrol,1
Hobgoblin Dragoon,1
"Halana and Alena, Partners",1
"Hama Pashar, Ruin Seeker",1
Herald of the Sun,1
Helpful Hunter,1
Hope Against Hope,1
Heliod's Pilgrim,1
Herald of the Fair,1
Healer's Hawk,1
Holy Strength,1
Hanged Executioner,1
Hillcomber Giant,1
Heavy Infantry,1
Helica Glider,1
Haazda Snare Squad,1
Holy Justiciar,1
Harvestrite Host,1
Hardened Escort,1
Hunter's Talent,1
Hyrax Tower Scout,1
Hitchclaw Recluse,1
Hunter's Mark,1
Heroes' Bane,1
Hiveheart Shaman,1
Hunt the Hunter,1
Hunger of the Howlpack,1
Humble Naturalist,1
Hunt the Weak,1
Heir of the Wilds,1
Hollowhenge Scavenger,1
Hardy Veteran,1
Headless Specter,1
Hailstorm Valkyrie,1
Heir of Falkenrath // Heir to the Night,1
Hired Poisoner,1
Hobbling Zombie,1
Havoc Sower,1
Hagra Constrictor,1
Harsh Scrutiny,1
Heartstabber Mosquito,1
Herald of the Dreadhorde,1
Highborn Ghoul,1
Herald of Hadar,1
Highborn Vampire,1
Heirloom Mirror // Inherited Fiend,1
Hound of the Farbogs,1
Horribly Awry,1
Homarid Spawning Bed,1
Hands of Binding,1
Headwater Sentries,1
Havengul Skaab,1
Hydrosurge,1
Headless Skaab,1
Harbinger of the Tides,1
Halimar Wavewatch,1
Heightened Reflexes,1
Hero of the Games,1
Highway Robbery,1
Hungry Flames,1
Haphazard Bombardment,1
Howl of the Horde,1
Hoarding Dragon,1
Headstrong Brute,1
Harnessed Lightning,1
Harmless Offering,1
Howlpack Wolf,1
Hurloon Minotaur,1
Hidetsugu's Second Rite,1
Harnesser of Storms,1
Hulking Devil,1
Inkling Summoning,1
Improbable Alliance,1
Immersturm Predator,1
Imperious Oligarch,1
Invasion of the Giants,1
Inkfathom Witch,1
Infuse with Vitality,1
Infused Arrows,1
Izzet Locket,1
Inquisitive Puppet,1
Ivy Lane Denizen,1
Ironshell Beetle,1
Iridescent Hornbeetle,1
Innkeeper's Talent,1
Infernal Pet,1
Insatiable Hemophage,1
Infernal Vessel,1
Inevitable End,1
Impale,1
Instill Infection,1
Ill-Gotten Inheritance,1
Invisibility,1
Ichthyomorphosis,1
Iceberg Cancrix,1
Ingenious Skaab,1
Interpret the Signs,1
Inkfathom Divers,1
Inaction Injunction,1
Illusionary Terrain,1
Inspiration,1
Index,1
Into the Void,1
Incendiary Flow,1
Into the Maw of Hell,1
Ignite Disorder,1
Into the Fray,1
Inner Struggle,1
Incendiary Sabotage,1
Inner-Flame Acolyte,1
Ill-Tempered Loner // Howlpack Avenger,1
Iron-Fist Pulverizer,1
Into the Core,1
Impossible Inferno,1
Illustrious Historian,1
Imposing Vantasaur,1
Impassioned Orator,1
Inspired Inventor,1
Indestructible Aura,1
Ikiral Outrider,1
Impostor of the Sixth Pride,1
Inventive Wingsmith,1
Intrusive Packbeast,1
Invincible Hymn,1
Imperial Lancer,1
Ironclad Slayer,1
Isolation Zone,1
Inspiring Overseer,1
Inspiring Paladin,1
Jund Sojourners,1
"Johann, Apprentice Sorcerer",1
Jund Hackblade,1
Jandor's Saddlebags,1
Jarl of the Forsaken,1
"Jaya, Venerated Firemage",1
Jackal Familiar,1
Jund Battlemage,1
Juniper Order Druid,1
Joraga Bard,1
Joraga Visionary,1
Jade Guardian,1
Jade Mage,1
Jolly Gerbils,1
Joust Through,1
Justiciar's Portal,1
Jeskai Runemark,1
Jace's Ruse,1
"Korlessa, Scale Singer",1
"Kastral, the Windcrested",1
Kiss of the Amesha,1
Korozda Gorgon,1
Kargan Warleader,1
Kozilek's Pathfinder,1
Kiln Walker,1
Kitesail,1
Kaleidostone,1
Kazandu Stomper,1
Karametra's Favor,1
King Harald's Revenge,1
Kazandu Nectarpot,1
Keen-Eyed Curator,1
Krosan Avenger,1
Krosan Druid,1
Kraul Harpooner,1
Kraul Warrior,1
Kraul Stinger,1
Karfell Harbinger,1
Keep Safe,1
Kozilek's Unsealing,1
Kasmina's Transmutation,1
Knightfisher,1
Kathari Screecher,1
Koma's Faithful,1
Khenra Eternal,1
Krovikan Fetish,1
Kalastria Highborn,1
Kheru Dreadmaw,1
Kalastria Nightwatch,1
Kalastria Healer,1
Kozilek's Translator,1
Keeper of Kookus,1
Krenko's Enforcer,1
Knowledge and Power,1
Karplusan Wolverine,1
Kavu Glider,1
Khenra Scrapper,1
Kolaghan Forerunners,1
Kolaghan Aspirant,1
Kaleidoscorch,1
Keepers of the Faith,1
Kjeldoran Escort,1
Kitesail Apprentice,1
Kinsbaile Skirmisher,1
Kithkin Armor,1
Kinjalli's Caller,1
Kemba's Legion,1
Knight Watch,1
Kor Bladewhirl,1
Knight of the Pilgrim's Road,1
Kytheon's Tactics,1
Knight of Grace,1
Knight's Pledge,1
Kor Sanctifiers,1
Kor Entanglers,1
Kor Sky Climber,1
Lesser Masticore,1
Luxa River Shrine,1
Locthwain Gargoyle,1
Lumengrid Gargoyle,1
Lawmage's Binding,1
Lorehold Excavation,1
Lochmere Serpent,1
Lorescale Coatl,1
Lunar Convocation,1
Lullmage's Familiar,1
Lilysplash Mentor,1
Lantern Bearer // Lanterns' Lift,1
Laboratory Brute,1
Lunar Force,1
Lullmage's Domination,1
Leyline Phantom,1
Living Tsunami,1
Lost in the Mist,1
Lofty Denial,1
Loch Dragon,1
Long River Lurker,1
Long River's Pull,1
Liliana's Elite,1
Liliana's Shade,1
Liliana's Indignation,1
Lazotep Reaver,1
Leech Fanatic,1
Lurching Rotbeast,1
Lampad of Death's Vigil,1
Lightning-Rig Crew,1
Lobber Crew,1
Lust for War,1
"Livaan, Cultist of Tiamat",1
"Lathliss, Dragon Queen",1
Lorehold Pledgemage,1
Lightning Mare,1
Lightning Shrieker,1
Lightning Talons,1
Lightning Blast,1
Lightning Volley,1
Lava Coil,1
Loam Larva,1
Longshot Squad,1
Llanowar Envoy,1
Long Rest,1
Loaming Shaman,1
Longtusk Cub,1
Living Destiny,1
Lurking Crocodile,1
Leafkin Druid,1
Leyline Invocation,1
Loam Dryad,1
Last Breath,1
Lyra Dawnbringer,1
Lightwielder Paladin,1
Leonin Vanguard,1
Lightwalker,1
Loxodon Mystic,1
"Linden, the Steadfast Queen",1
Looming Altisaur,1
Loxodon Restorer,1
Lagonna-Band Trailblazer,1
Mardu Charm,1
Merrow Grimeblotter,1
Munitions Expert,1
"Minthara, Merciless Soul",1
Mortify,1
Maelstrom Pulse,1
Marauding Looter,1
"Minsc, Beloved Ranger",1
Moss-Pit Skeleton,1
Mazemind Tome,1
Magnifying Glass,1
Mortarpod,1
Manalith,1
Manaforce Mace,1
Mortal's Resolve,1
Might of Murasa,1
Make a Wish,1
Mirran Mettle,1
"Mowu, Loyal Companion",1
Miming Slime,1
Marsh Viper,1
Melira's Keepers,1
Might of Alara,1
Mulch,1
Manaplasm,1
Many Partings,1
Murasa Brute,1
Mammoth Spider,1
Mold Adder,1
Map the Wastes,1
Martyr of Spores,1
Meditation Puzzle,1
Martyr of Dusk,1
Make a Stand,1
Mardu Hordechief,1
Mabel's Mettle,1
Mouse Trapper,1
Mortal Obstinacy,1
Make Your Move,1
Midnight Duelist,1
Militia Bugler,1
Mentor of the Meek,1
Mysterious Pathlighter,1
Mortal's Ardor,1
Makindi Shieldmate,1
Moorland Inquisitor,1
Midnight Haunting,1
Marked by Honor,1
Midnight Guard,1
Mana Leak,1
Merfolk of the Pearl Trident,1
Micromancer,1
Meletis Astronomer,1
Manta Riders,1
Merfolk Seer,1
Mindwhisker,1
Mist Intruder,1
Moonblade Shinobi,1
Memory Drain,1
Merseine,1
Mind Sculpt,1
Merfolk Looter,1
Moon Heron,1
Minister of Inquiries,1
Mantle of Tides,1
Mistford River Turtle,1
Moonlit Scavengers,1
Makeshift Mauler,1
Muse Drake,1
Meddle,1
Merfolk Raiders,1
Monastery Loremaster,1
Merfolk Observer,1
Merfolk Falconer,1
Mystical Teachings,1
Metropolis Sprite,1
Might Makes Right,1
Magma Jet,1
Mutiny,1
Mountain Yeti,1
Mindsparker,1
Mogg War Marshal,1
Manic Vandal,1
Minotaur Skullcleaver,1
Martyr of Ashes,1
Mizzium Tank,1
Mounted Dreadknight,1
Mardu Runemark,1
Magma Burst,1
Mons's Goblin Raiders,1
Madcap Skills,1
Makeshift Munitions,1
Maze Rusher,1
Mogg Flunkies,1
Minotaur Sureshot,1
Monstrous Rage,1
Mogg Fanatic,1
Martyr of Bones,1
Mind Rake,1
Malakir Blood-Priest,1
Midnight Reaper,1
Mire's Toll,1
Mephitic Vapors,1
Miasmic Mummy,1
Maulfist Squad,1
Marsh Hulk,1
Myojin of Night's Reach,1
Moaning Wall,1
Maw of the Mire,1
Marsh Gas,1
Mire Blight,1
Marsh Casualties,1
Massacre Wurm,1
Mind Carver,1
Moonstone Harbinger,1
Mortis Dogs,1
Mausoleum Harpy,1
Mogis's Marauder,1
Misery Charm,1
Malakir Soothsayer,1
Murk Dwellers,1
Midnight Recovery,1
Merciless Resolve,1
Midnight Snack,1
March of the Drowned,1
Mesmeric Fiend,1
Maze Abomination,1
Mire's Grasp,1
Neglected Heirloom // Ashmouth Blade,1
Narnam Cobra,1
Neurok Replica,1
Necrogen Censer,1
Needlethorn Drake,1
Naya Hushblade,1
Notion Rain,1
Nimble Larcenist,1
Nemesis Phoenix,1
Nef-Crop Entangler,1
Nightbird's Clutches,1
Nettle Drone,1
Nearheath Stalker,1
Nebelgast Beguiler,1
Novice Knight,1
Niblis of the Mist,1
Neck Snap,1
Nahiri's Binding,1
Niblis of the Urn,1
Nightveil Sprite,1
Naga Oracle,1
Narcolepsy,1
Nimbus Naiad,1
Nimbus of the Isles,1
Neurok Invisimancer,1
Nyxborn Triton,1
Nivix Barrier,1
Neurok Commando,1
Nyxborn Seaguard,1
Niblis of the Breath,1
Nephalia Seakite,1
Nebelgast Herald,1
Noxious Groodion,1
Necromancer's Assistant,1
Nantuko Husk,1
Nath's Buffoon,1
Nyx Infusion,1
Nausea,1
Nullpriest of Oblivion,1
Nissa's Zendikon,1
Nexus Wardens,1
Nafs Asp,1
Natural Reclamation,1
Natural State,1
Natural Connection,1
Nylea's Forerunner,1
Nissa's Defeat,1
Nessian Demolok,1
Oggyar Battle-Seer,1
"Ovika, Enigma Goliath",1
Owlin Shieldmage,1
Outland Boar,1
Ordruun Veteran,1
Ovalchase Dragster,1
Orzhov Keyrune,1
Obsianus Golem,1
Oketra's Attendant,1
Orzhov Advokist,1
Oreskos Sun Guide,1
Order of the Golden Cricket,1
Ondu Greathorn,1
Ordeal of Heliod,1
Ondu Rising,1
Oppressive Will,1
Oculus,1
Ordeal of Thassa,1
Otterball Antics,1
Outwit,1
One With the Wind,1
Ojutai's Summons,1
Oracle's Insight,1
Osteomancer Adept,1
Onyx Goblet,1
Olivia's Bloodsworn,1
Odunos River Trawler,1
Ovalchase Daredevil,1
Onyx Mage,1
Omen of the Hunt,1
Ondu Giant,1
Ordeal of Nylea,1
Orchard Spirit,1
Orchard Strider,1
Oran-Rief Recluse,1
Open the Gates,1
Ornery Dilophosaur,1
Oxidda Daredevil,1
Orcish Oriflamme,1
Orcish Farmer,1
Orcish Artillery,1
Open the Omenpaths,1
Oxidda Scrapmelter,1
Obliterating Bolt,1
Onslaught,1
Private Eye,1
Plumecreed Mentor,1
Perforating Artist,1
Pit Fight,1
Pest Summoning,1
Psychic Symbiont,1
Prime Speaker Zegana,1
Piston-Fist Cyclops,1
Pitiless Gorgon,1
Primal Visitation,1
Pathway Arrows,1
Pillar of War,1
Pardic Wanderer,1
Patagia Golem,1
Prophet of the Peak,1
Pit Trap,1
Pyromancer's Goggles,1
Phyrexian Vault,1
Power Armor,1
Panic Spellbomb,1
Pattern Matcher,1
Peace Strider,1
Prophetic Prism,1
Prakhata Pillar-Bug,1
Patron of the Valiant,1
Pride of Conquerors,1
Paragon of New Dawns,1
Perimeter Sergeant,1
Potion of Healing,1
Peregrine Griffin,1
Paired Tactician,1
Parting Gust,1
Pilgrim of the Ages,1
Parish-Blade Trainee,1
Paladin of the Bloodstained,1
Pierce the Sky,1
Poison the Blade,1
Primal Might,1
Professor of Zoomancy,1
Primal Huntbeast,1
Pheres-Band Centaurs,1
Pheres-Band Raiders,1
Penumbra Bobcat,1
Pippin's Bravery,1
Path to the World Tree,1
Peema Outrider,1
Pawpatch Recruit,1
Primeval Bounty,1
Pack's Favor,1
Pelakka Wurm,1
Predator Ooze,1
Primal Druid,1
Predator's Rapport,1
Pawpatch Formation,1
Plague Beetle,1
Phyrexian Rager,1
Python,1
Polluted Dead,1
Price of Betrayal,1
Pilfering Imp,1
Pestilent Kathari,1
Perish the Thought,1
Primeval Shambler,1
Persistent Marshstalker,1
Puppet Conjurer,1
Pharika's Libation,1
Pharika's Chosen,1
Pontiff of Blight,1
Planeswalker's Scorn,1
Parasitic Impetus,1
Psychic Miasma,1
Painsmith,1
Perilous Shadow,1
Prying Questions,1
Promising Duskmage,1
Phyrexian Debaser,1
Pale Rider of Trostad,1
Punish the Enemy,1
Pyrophobia,1
Pillage,1
Pia's Revolution,1
Pinnacle of Rage,1
Pyroclasm,1
Pyromancer's Assault,1
Pyrotechnics,1
Petravark,1
Pigment Storm,1
Paragon of Fierce Defiance,1
Pin to the Earth,1
Prescient Chimera,1
Phantom Warrior,1
Pop Quiz,1
Passwall Adept,1
Portent of Calamity,1
Parasitic Strix,1
Prosperous Pirates,1
Pondering Mage,1
Phantasmal Bear,1
Pieces of the Puzzle,1
Perilous Voyage,1
Pull from the Deep,1
Quick-Draw Katana,1
Quandrix Pledgemage,1
Qasali Pridemage,1
Quarrel's End,1
Quirion Sentinel,1
Quakestrider Ceratops,1
Quilled Slagwurm,1
Quarry Hauler,1
Quest for the Gemblades,1
Quilled Wolf,1
Qarsi Sadist,1
Quillmane Baku,1
Renegade Freighter,1
Raiders' Karve,1
Runesword,1
Reflective Golem,1
Ramroller,1
"Ramos, Dragon Engine",1
Relic Vial,1
Ring of Thune,1
Rusted Sentinel,1
Runaway Carriage,1
Ravenous Amulet,1
Relic Golem,1
Reviving Vapors,1
Reaper of the Wilds,1
Rakdos Firewheeler,1
Returned Pastcaller,1
Ruination Rioter,1
Rush of Inspiration // Crackling Falls,1
"Ruby, Daring Tracker",1
Rogue Refiner,1
Ruthless Deathfang,1
Rakdos Shred-Freak,1
Ride Down,1
"Ral, Crackling Wit",1
Reap What Is Sown,1
Rip-Clan Crasher,1
Ravager's Mace,1
Ral's Outburst,1
Resolute Survivors,1
Renegade Wheelsmith,1
Rise of Extus,1
Resplendent Griffin,1
Rosemane Centaur,1
Rubblebelt Runner,1
Rhox Bodyguard,1
Return from the Wilds,1
Reclamation Sage,1
Rampaging Baloths,1
Ravenous Lindwurm,1
Roots of Wisdom,1
Relentless Pursuit,1
Renowned Weaver,1
Reckless Amplimancer,1
Rampaging Hippo,1
Reins of the Vinesteed,1
Reclaim,1
Ravenous Daggertooth,1
Run Afoul,1
Restock,1
Rust Scarab,1
Regeneration,1
Ruin in Their Wake,1
Ronom Hulk,1
Rotted Hystrix,1
Revive,1
Return to Nature,1
Recollect,1
Rotted Hulk,1
Reave Soul,1
Rising Miasma,1
Rise Again,1
Rakdos Trumpeter,1
Returned Centaur,1
Ritual of the Returned,1
Recover,1
Rotting Mastodon,1
Ruthless Ripper,1
Reaver Drone,1
Resourceful Return,1
Rush of Vitality,1
Rottenheart Ghoul,1
Rotfeaster Maggot,1
Ruthless Disposal,1
Revenant,1
Ravenous Rats,1
Rotting Legion,1
Rage-Scarred Berserker,1
Reckless Imp,1
Revenge of the Rats,1
Riptide Chimera,1
Renegade Doppelganger,1
Reckless Scholar,1
Reduce in Stature,1
Rousing Read,1
Rite of Replication,1
River's Rebuke,1
Resounding Wave,1
Recalibrate,1
Reef Worm,1
Reconstruction,1
Renowned Weaponsmith,1
Refute,1
Righteous Blow,1
Rhox Veteran,1
Reprobation,1
Rumbling Sentry,1
Reverse Polarity,1
Roil's Retribution,1
Revoke Privileges,1
Roc Egg,1
Release the Dogs,1
Raise the Alarm,1
Riveting Rigger,1
Razorfoot Griffin,1
Regal Caracal,1
Razor Hippogriff,1
Resolute Reinforcements,1
Rally the Forces,1
Rubblebelt Maaka,1
Ruinous Gremlin,1
Rhystic Lightning,1
Rapacious Dragon,1
Reckless Lackey,1
Rage Thrower,1
Rubble Reading,1
Riddle of Lightning,1
Ruinous Minotaur,1
Ruthless Invasion,1
Roil Eruption,1
Reality Hemorrhage,1
Riot Devils,1
Redcap Gutter-Dweller,1
Ridgeline Rager,1
Reckless Reveler,1
Rockslide Sorcerer,1
Roast,1
Retreat to Valakut,1
Rodeo Pyromancers,1
Riot Piker,1
Rubblebelt Recluse,1
Ravenous Bloodseeker,1
Reckless Air Strike,1
Rubblebelt Braggart,1
Raiding Party,1
Sea Gate Colossus,1
Steel Hellkite,1
Sandstone Oracle,1
Simic Locket,1
Seer's Lantern,1
Sorcerer's Broom,1
Staff of the Flame Magus,1
Silent Dart,1
Sky Skiff,1
Self-Assembler,1
Sojourner's Companion,1
Scroll of Griselbrand,1
Short Bow,1
Sword of Fire and Ice,1
Starforged Sword,1
Scepter of Empires,1
Sunset Pyramid,1
Selesnya Keyrune,1
Shriekhorn,1
Stonework Puma,1
Skyscanner,1
Spare Supplies,1
Simic Keyrune,1
Spare Dagger,1
Strandwalker,1
Sylvok Lifestaff,1
Sorcerous Spyglass,1
Soul-Guide Lantern,1
Slab Hammer,1
Swiftfoot Boots,1
Sacred Armory,1
Sol Ring,1
Scorn Effigy,1
Senate Guildmage,1
Swift Warkite,1
Scab-Clan Giant,1
Stormcatch Mentor,1
Sumala Woodshaper,1
Sewn-Eye Drake,1
Suicidal Charge,1
Spara's Adjudicators,1
Savage Ventmaw,1
Sigil of the Nayan Gods,1
Steelclaw Lance,1
Seedglaive Mentor,1
Syndicate Guildmage,1
Sunder Shaman,1
Spectacle Mage,1
Singe-Mind Ogre,1
Spirit Summoning,1
Shambleshark,1
Skull Rend,1
Sharktocrab,1
Sprouting Thrinax,1
Springbloom Druid,1
"Surrak, the Hunt Caller",1
Setessan Skirmisher,1
Splinterfright,1
Saruli Gatekeepers,1
Spore Burst,1
Spidery Grasp,1
Sabertooth Mauler,1
Sylvan Brushstrider,1
Sagittars' Volley,1
Snakeskin Veil,1
Scavenging Ooze,1
Saddled Rimestag,1
Sheltered Aerie,1
Stonefare Crocodile,1
Synchronized Strike,1
Swarmborn Giant,1
Springsage Ritual,1
Strength of Solidarity,1
Savage Swipe,1
Satyr Hedonist,1
Storm Seeker,1
Scab-Clan Charger,1
Scythe Tiger,1
Sheltering Boughs,1
Shrill Howler // Howling Chorus,1
Slice in Twain,1
Servant of the Scale,1
Simian Brawler,1
Swift Spinner,1
Snapping Gnarlid,1
Springmantle Cleric,1
Somberwald Spider,1
Steeple Creeper,1
Spined Karok,1
Struggle for Skemfar,1
Siege Wurm,1
Spike-Tailed Ceratops,1
Sudden Spinnerets,1
Sharpshooter Elf,1
Sacellum Archers,1
Skullmulcher,1
Silverback Shaman,1
Stocking the Pantry,1
Setessan Starbreaker,1
Scryb Sprites,1
Sage of Shaila's Claim,1
Seed Guardian,1
Sculptor of Winter,1
Siege Modification,1
Spontaneous Artist,1
Skarrgan Firebird,1
Smoldering Efreet,1
Senseless Rage,1
Start Your Engines,1
Solar Blast,1
Scoria Elemental,1
Skin Invasion // Skin Shedder,1
Slavering Nulls,1
Searing Barrage,1
Seven Dwarves,1
Sudden Shock,1
Seismic Rupture,1
Stonehands,1
Shivan Fire,1
Song of Blood,1
Structural Distortion,1
Slash Panther,1
Scrapyard Salvo,1
Storm Shaman,1
Slaying Fire,1
Shiv's Embrace,1
Stensia Uprising,1
Shivan Dragon,1
Serpentine Spike,1
Sonic Burst,1
Searing Spear,1
Scorch the Fields,1
Stonefury,1
Storm Entity,1
Stalking Yeti,1
Stoneshock Giant,1
Structural Collapse,1
Skewer the Critics,1
Shreds of Sanity,1
Spite of Mogis,1
Scourge of Geier Reach,1
Spellrune Painter // Spellrune Howler,1
Smoldering Werewolf // Erupting Dreadwolf,1
Sprinting Warbrute,1
Spitfire Lagac,1
Spark Jolt,1
Smelt-Ward Ignus,1
Somberwald Vigilante,1
Storm Fleet Pyromancer,1
Sell-Sword Brute,1
Sizzling Barrage,1
Shredded Sails,1
Season of the Bold,1
Stone Idol Trap,1
Scorchwalker,1
Swaggering Corsair,1
Stromkirk Noble,1
Strongbox Raider,1
Storm Fleet Arsonist,1
Storm Fleet Swashbuckler,1
Skophos Warleader,1
Sand Strangler,1
Spikeshot Goblin,1
Stensia Innkeeper,1
Sokenzan Spellblade,1
Swift Maneuver,1
Sunscourge Champion,1
Steward of Solidarity,1
Servo Exhibition,1
Sacred Nectar,1
Selfless Cathar,1
Stoneforge Acolyte,1
Solstice Zealot,1
Stroke of Midnight,1
Spirit Flare,1
Stormfront Pegasus,1
Steadfast Cathar,1
S√©ance,1
Sungrace Pegasus,1
Survive the Night,1
Skymarcher Aspirant,1
Show of Confidence,1
Shepherd of Heroes,1
Spectral Steel,1
Standing Troops,1
Siege Striker,1
Skyblade of the Legion,1
Season of the Burrow,1
Star Charter,1
Surge of Thoughtweft,1
Seeker,1
Syndic of Tithes,1
Sunset Revelry,1
Sightless Brawler,1
Supply-Line Cranes,1
Stalwart Valkyrie,1
Sunspire Griffin,1
Show of Valor,1
Steadfast Guard,1
Sworn Companions,1
Sunscape Battlemage,1
Soul Parry,1
Sigardian Priest,1
Suppression Bonds,1
Searing Light,1
Silverchase Fox,1
Sunblade Angel,1
Sandstorm Charger,1
Sensor Splicer,1
Star Pupil,1
Slayer of the Wicked,1
Spirit of the Spires,1
Search Party Captain,1
Sanctum Gargoyle,1
Sanguine Glorifier,1
Soul's Grace,1
Shining Aerosaur,1
Sterling Supplier,1
Stirring Address,1
Shadow Glider,1
Starlight,1
Sandskin,1
Skyhunter Prowler,1
Stromkirk Mentor,1
Seeker's Folly,1
Screeching Bat // Stalking Vampire,1
Slay,1
Subtle Strike,1
Spiteful Shadows,1
Sanguimancy,1
Stir the Sands,1
Soulcage Fiend,1
Suspicious Shambler,1
Seal of Doom,1
Shriekdiver,1
Shadowfeed,1
Smiting Helix,1
Silumgar Scavenger,1
Severed Legion,1
Shadowcloak Vampire,1
Skirsdag Supplicant,1
Sly Requisitioner,1
Soulblade Corrupter,1
Siege Zombie,1
Slate Street Ruffian,1
Scavenging Ghoul,1
Shore Snapper,1
Settle the Score,1
Stabbing Pain,1
Subcontract,1
Scavenger Drake,1
Simulacrum,1
Slum Reaper,1
Splendid Agony,1
Scavenging Harpy,1
Season of Loss,1
Specter of the Fens,1
Surging Dementia,1
Shrike Harpy,1
Stab,1
Smother,1
Scrounger of Souls,1
Sibsig Icebreakers,1
Sinister Monolith,1
Sultai Runemark,1
Scarred Vinebreeder,1
Smog Elemental,1
Swarm of Bloodflies,1
Soulstinger,1
Sightless Ghoul,1
Stromkirk Bloodthief,1
Skygames,1
Skywinder Drake,1
Scatter Arc,1
Self-Reflection,1
Sidisi's Faithful,1
Sphinx's Herald,1
Spectral Prison,1
Stitched Assistant,1
"Syr Elenora, the Discerning",1
Surveilling Sprite,1
Surrakar Banisher,1
Silvergill Adept,1
Sea Hag // Aquatic Ingress,1
Spell Snip,1
Skyclave Plunder,1
Serum Raker,1
Spectral Flight,1
Snow Day,1
Surveillance Monitor,1
Silent Departure,1
Splashy Spellcaster,1
Splash Lasher,1
Stormchaser's Talent,1
Sugar Coat,1
Stonybrook Angler,1
Senate Courier,1
Sigiled Starfish,1
Sudden Insight,1
Shoal Serpent,1
Selhoff Entomber,1
Sailor of Means,1
Sea God's Revenge,1
Switcheroo,1
Surging Aether,1
Serpentine Ambush,1
Shipwreck Looter,1
Sindbad,1
Storm Sculptor,1
Storm Fleet Aerialist,1
Spell Rupture,1
Salvage Scuttler,1
Stunning Strike,1
Spined Thopter,1
Sinuous Striker,1
Spire Serpent,1
Sleep,1
Shell Shield,1
Skitter Eel,1
Sage's Row Savant,1
Scornful Aether-Lich,1
Sphinx of the Final Word,1
Shipwreck Dowser,1
Syphon Essence,1
Scrapskin Drake,1
Scour All Possibilities,1
Sky-Eel School,1
Scholar of the Ages,1
Sleep Paralysis,1
Stolen Identity,1
Thran Golem,1
Tawnos's Wand,1
Trigon of Infestation,1
Top-Secret Tunnel,1
Tangle Tumbler,1
Throwing Knife,1
Tawnos's Weaponry,1
Terrarion,1
Tyrant's Machine,1
Tumble Magnet,1
Trespassing Souleater,1
Throne of Bone,1
Thundersong Trumpeter,1
Trostani's Summoner,1
Tyrant's Scorn,1
Trygon Predator,1
"Tatyova, Benthic Druid",1
Tidecaller Mentor,1
"Tiana, Ship's Caretaker",1
Tuya Bearclaw,1
Trestle Troll,1
Teremko Griffin,1
Twilight Panther,1
Thriving Ibex,1
Twinblade Blessing,1
Thunderous Orator,1
Those Who Serve,1
Trustworthy Scout,1
Thraben Purebloods,1
Thopter Arrest,1
Totem-Guide Hartebeest,1
Teyo's Lightshield,1
Tah-Crop Elite,1
Tundra Wolves,1
Tempered Veteran,1
Take Up Arms,1
Town Gossipmonger // Incited Rabble,1
Thraben Standard Bearer,1
Territorial Hammerskull,1
Triumph of Gerrard,1
Tenacity,1
Thraben Heretic,1
Took Reaper,1
Trained Arynx,1
Tenth District Guard,1
Triumphant Surge,1
Trade Caravan,1
Tazeem Raptor,1
Time of Heroes,1
True Love's Kiss,1
Skinwing,1
Thassa's Ire,1
Triton Cavalry,1
Tune the Narrative,1
Tempest Harvester,1
Tricks of the Trade,1
Tazeem Roilmage,1
Thunder Drake,1
Tymora's Invoker,1
Tower Geist,1
Tortoise Formation,1
Toils of Night and Day,1
Take Inventory,1
Tattered Haunter,1
Thoughtbound Phantasm,1
Tempest Djinn,1
Triton Shorestalker,1
Talrand's Invocation,1
Time Out,1
Tolarian Terror,1
Thassa's Emissary,1
Thassa's Rebuff,1
True Polymorph,1
Tome Anima,1
Twitch,1
Turn to Slag,1
Tin Street Market,1
Teapot Slinger,1
Torch Courier,1
Tavern Brawler,1
Taurean Mauler,1
Tremor,1
Tibalt's Rager,1
The Rollercrusher Ride,1
The Flame of Keld,1
Turn Against,1
Thunder Brute,1
Torpid Moloch,1
Thundering Rebuke,1
Twinscroll Shaman,1
Trove of Temptation,1
Thunderous Might,1
Thorned Moloch,1
Tiamat's Fanatics,1
Thundering Sparkmage,1
Tilonalli's Knight,1
Twin Bolt,1
Tail Slash,1
Thriving Grubs,1
Throatseeker,1
Thallid Omnivore,1
The Witch's Vanity,1
Toxin Analysis,1
The Elderspell,1
Tooth Collector,1
Thriving Rats,1
Thraben Foulbloods,1
Thornbow Archer,1
Torment,1
Twins of Maurer Estate,1
The Fallen,1
"Tymaret, Chosen from Death",1
Tribute to Hunger,1
Taken by Nightmares,1
Tar Pit Warrior,1
Tombstalker,1
Thwart the Grave,1
Triumph of Cruelty,1
Tergrid's Shadow,1
Treetop Ambusher,1
Tracker's Instincts,1
Timberland Guide,1
Tall as a Beanstalk,1
Trollhide,1
Tread Upon,1
Tangletrap,1
Timberpack Wolf,1
Three Tree Scribe,1
Tajuru Beastmaster,1
Timbermaw Larva,1
Tuskguard Captain,1
Tyrranax,1
Tajuru Archer,1
Trained Armodon,1
Tangleclaw Werewolf // Fibrous Entangler,1
Tanglesap,1
Thornweald Archer,1
Terrifying Presence,1
Tireless Hauler // Dire-Strain Brawler,1
Tuinvale Treefolk // Oaken Boon,1
Thundering Tanadon,1
Territorial Baloth,1
Thornvault Forager,1
Tangle Mantis,1
Tunnel Tipster,1
Timbermare,1
Tranquility,1
Thriving Rhino,1
Undead Executioner,1
Unholy Indenture,1
Unruly Mob,1
"Urgoros, the Empty One",1
Unauthorized Exit,1
Umara Wizard // Umara Skyfalls,1
Ulamog's Reclaimer,1
Ulrich's Kindred,1
Unquenchable Thirst,1
Ulcerate,1
Ulvenwald Mysteries,1
Ulamog's Despoiler,1
Unhallowed Pact,1
Unlicensed Disintegration,1
Urborg Uprising,1
Unyielding Krumar,1
Unburial Rites,1
Unnerving Assault,1
Undying Malice,1
Uncharted Voyage,1
Ulamog's Nullifier,1
Umara Raptor,1
Uncaged Fury,1
Ubul Sar Gatekeepers,1
Unbreakable Bond,1
Urbis Protector,1
Unstable Mutation,1
Unflinching Courage,1
Undead Servant,1
Vampire Outcasts,1
Vampire's Zeal,1
Valkyrie's Sword,1
Vault Skyward,1
Viscera Dragger,1
Valiant Changeling,1
Vigilant Baloth,1
Vengeful Townsfolk,1
Vernadi Shieldmate,1
Vigorspore Wurm,1
"Vren, the Relentless",1
Vizier of the Scorpion,1
Volt Charge,1
Vantress Paladin,1
Vampire Interloper,1
Viashino Grappler,1
Volcanic Dragon,1
Vessel of Volatility,1
Vodalian Arcanist,1
Vampire Hexmage,1
Vinereap Mentor,1
Valley Flamecaller,1
Vicious Rumors,1
Volition Reins,1
Vanguard's Shield,1
Vizier of the Menagerie,1
Venom Connoisseur,1
Vault Robber,1
Vampire Sovereign,1
Vortex Elemental,1
Voracious Greatshark,1
Visionary Augmenter,1
Veiled Shade,1
Venom,1
Village Bell-Ringer,1
Vampire Bats,1
Vapor Snare,1
Viashino Skeleton,1
Vaultbreaker,1
Valor of the Worthy,1
Voltaic Servant,1
Voracious Null,1
Valiant Guard,1
Vagrant Plowbeasts,1
Valorous Steed,1
Vengeful Devil,1
Vow of Duty,1
Vedalken Entrancer,1
Vortex Runner,1
Vectis Dominator,1
Volcanic Rush,1
Valorous Stance,1
Veinfire Borderpost,1
Vampire Nighthawk,1
Valley Floodcaller,1
Voyager Drake,1
Valley Rally,1
Veteran's Reflexes,1
Vodalian Mage,1
Vastwood Zendikon,1
Vandalize,1
Visions of Brutality,1
Venerated Teacher,1
Vectis Silencers,1
Vulturous Aven,1
Vithian Stinger,1
Virulent Wound,1
Vile Entomber,1
Vine Gecko,1
Veteran Motorist,1
Vectis Agents,1
Vraska's Finisher,1
Void Beckoner,1
Vampire Aristocrat,1
Vanguard Seraph,1
Vengeful Rebel,1
Vessel of Nascency,1
Wavesifter,1
Windwright Mage,1
Witherbloom Pledgemage,1
Wandertale Mentor,1
Wand of Vertebrae,1
Warden of the Wall,1
Welder Automaton,1
Warmonger's Chariot,1
Witches' Eye,1
Will-Forged Golem,1
Weapon Rack,1
Wall of Spears,1
Wolfhunter's Quiver,1
Wooden Stake,1
Worldheart Phoenix,1
Wild Celebrants,1
Warbringer,1
Wall of Torches,1
War-Torch Goblin,1
Weaselback Redcap,1
Wall of Dust,1
Wall of Opposition,1
Warlord's Fury,1
Wild Slash,1
Wrack with Madness,1
Wildfire Howl,1
Warfire Javelineer,1
Wall of Fire,1
Wall of Heat,1
Wing Shards,1
Wild Griffin,1
Whiskervale Forerunner,1
Wake the Reflections,1
Watchful Giant,1
Warhorn Blast,1
Wandering Graybeard,1
Wing It,1
Warrior's Honor,1
Wandering Tombshell,1
Wall of Bone,1
Warren Pilferers,1
Warteye Witch,1
Withercrown,1
Word of Binding,1
Wretched Camel,1
Wick's Patrol,1
Warchanter of Mogis,1
Whispers of Emrakul,1
Wall of Limbs,1
Weaponcraft Enthusiast,1
Weigh Down,1
Wishclaw Talisman,1
Windstorm,1
Wall of Wood,1
Wrecking Beast,1
Wary Okapi,1
Wild Onslaught,1
Wild Elephant,1
Wreath of Geists,1
Wildwood Scourge,1
Wolverine Pack,1
Wildwood Rebirth,1
Wild Hunger,1
Waxing Moon,1
Wary Thespian,1
Wilt-Leaf Liege,1
Wildborn Preserver,1
Wildheart Invoker,1
Wear Down,1
Whirler Rogue,1
Wishing Well,1
Wretched Throng,1
Witness Protection,1
Way of the Thief,1
Will of the Naga,1
Windrider Eel,1
Wind Strider,1
Wishful Merfolk,1
Watcher in the Mist,1
Wall of Wonder,1
Wind Dancer,1
Windstorm Drake,1
Windrider Patrol,1
Wall of Water,1
Wanderlight Spirit,1
War-Wing Siren,1
Xathrid Slyblade,1
Yew Spirit,1
Yavimaya Scion,1
Yotian Soldier,1
You've Been Caught Stealing,1
Yeva's Forcemage,1
"Yargle, Glutton of Urborg",1
Yavimaya Wurm,1
You Meet in a Tavern,1
Zagoth Mamba,1
Zof Consumption // Zof Bloodbog,1
Zanikev Locust,1
Zombie Ogre,1
"Zul Ashur, Lich Lord",1
Zombify,1
"Zetalpa, Primal Dawn",1
Zarichi Tiger,1
Zhalfirin Decoy,1
Zealous Guardian,1
Zephyr Falcon,1
Zendikar Farguide,1
Human Soldier,1
Otter,1
Thornplate Intimidator,1
Thundertrap Trainer,1
Dwarf Berserker,1
Bear,1
Bat,1
Copy,1
Cat Beast,1
Wizard,1
Elephant,1
"Ral, Izzet Viceroy Emblem",1
Saproling,1
Squirrel,1
Snake,1
Shapeshifter,1
Reflection,1
"Ral, Crackling Wit Emblem",1
Rabbit,1
Goat,1
